id	word	action	setJson	addFormsJson	addMeaningsJson	addQuizSensesJson	reason	evidence	expectedMeaningHash	expectedExampleHash
word_2e60871558f2	issue	add-sense	{"definition":"an important subject or problem for discussion","meaningDetailedZh":"作名词常指需要讨论或解决的问题，也可指公共议题；在通知和投诉语境中尤其常见。","meaningDetailZh":""}		[{"gloss":"问题；待解决事项","posFamily":"noun","label":"一般问题","confidence":"high","evidence":[{"sourceType":"existing-entry-and-local-editorial","sourceBook":"","sourceTest":"","sourceSection":"","contextSnippet":"The main issue is the lack of affordable housing.","evidenceConfidence":"high"}],"order":1},{"gloss":"议题；争议事项","posFamily":"noun","label":"公共讨论","confidence":"high","evidence":[{"sourceType":"existing-entry-and-local-editorial","sourceBook":"","sourceTest":"","sourceSection":"","contextSnippet":"The main issue is the lack of affordable housing.","evidenceConfidence":"high"}],"order":2}]	[{"senseId":"word_2e60871558f2-semantic-v1-1","quizMeaningZh":"问题；待解决事项","meaningDetailedZh":"问题；待解决事项","posFamily":"noun","confidence":"high","source":"semantic-quality-v1"},{"senseId":"word_2e60871558f2-semantic-v1-2","quizMeaningZh":"议题；争议事项","meaningDetailedZh":"议题；争议事项","posFamily":"noun","confidence":"high","source":"semantic-quality-v1"}]	CORE_GT_STAGE_1_2	G类阶段1；现有例句与本地编辑复核	708168c1d8524d88071f098e1e4a30208f696b34748b976af13848a251912983	751f24651b55b1f42805b90f92e2fbe6a478a79f59329ad00fdf6626a14ee5b8
word_77f66e6487c8	charge	add-sense	{"definition":"to ask someone to pay a price, or an amount of money asked for a service","meaningDetailedZh":"可作动词表示收费或指控，也可作名词表示费用；电子设备语境中还表示充电。","meaningDetailZh":""}		[{"gloss":"收费；费用","posFamily":"noun/verb","label":"服务与账单","confidence":"high","evidence":[{"sourceType":"existing-entry-and-local-editorial","sourceBook":"","sourceTest":"","sourceSection":"","contextSnippet":"They charge $10 for admission.","evidenceConfidence":"high"}],"order":1},{"gloss":"指控","posFamily":"noun/verb","label":"法律","confidence":"high","evidence":[{"sourceType":"existing-entry-and-local-editorial","sourceBook":"","sourceTest":"","sourceSection":"","contextSnippet":"They charge $10 for admission.","evidenceConfidence":"high"}],"order":2},{"gloss":"充电","posFamily":"verb","label":"设备","confidence":"high","evidence":[{"sourceType":"existing-entry-and-local-editorial","sourceBook":"","sourceTest":"","sourceSection":"","contextSnippet":"They charge $10 for admission.","evidenceConfidence":"high"}],"order":3}]	[{"senseId":"word_77f66e6487c8-semantic-v1-1","quizMeaningZh":"收费；费用","meaningDetailedZh":"收费；费用","posFamily":"noun/verb","confidence":"high","source":"semantic-quality-v1"},{"senseId":"word_77f66e6487c8-semantic-v1-2","quizMeaningZh":"指控","meaningDetailedZh":"指控","posFamily":"noun/verb","confidence":"high","source":"semantic-quality-v1"},{"senseId":"word_77f66e6487c8-semantic-v1-3","quizMeaningZh":"充电","meaningDetailedZh":"充电","posFamily":"verb","confidence":"high","source":"semantic-quality-v1"}]	CORE_GT_STAGE_1_2	G类阶段1；现有例句与本地编辑复核	b3ab61a23fa168f537f5a6bd41cec589fe9569de389d8ec523a17b2e023463a5	2266624833e70d91ee66f5025ddfaebced557cc1e0629f4b46024a0a6500a91a
word_b4d6446b72e7	claim	add-sense	{"definition":"to say that something is true or to ask formally for money or a right","meaningDetailedZh":"既可表示声称，也常用于保险、福利和退款语境，表示正式索赔或申领。","meaningDetailZh":""}		[{"gloss":"声称；主张","posFamily":"verb","label":"陈述","confidence":"high","evidence":[{"sourceType":"existing-entry-and-local-editorial","sourceBook":"","sourceTest":"","sourceSection":"","contextSnippet":"He claims to be the owner.","evidenceConfidence":"high"}],"order":1},{"gloss":"索赔；申领","posFamily":"noun/verb","label":"保险与福利","confidence":"high","evidence":[{"sourceType":"existing-entry-and-local-editorial","sourceBook":"","sourceTest":"","sourceSection":"","contextSnippet":"He claims to be the owner.","evidenceConfidence":"high"}],"order":2}]	[{"senseId":"word_b4d6446b72e7-semantic-v1-1","quizMeaningZh":"声称；主张","meaningDetailedZh":"声称；主张","posFamily":"verb","confidence":"high","source":"semantic-quality-v1"},{"senseId":"word_b4d6446b72e7-semantic-v1-2","quizMeaningZh":"索赔；申领","meaningDetailedZh":"索赔；申领","posFamily":"noun/verb","confidence":"high","source":"semantic-quality-v1"}]	CORE_GT_STAGE_1_2	G类阶段1；现有例句与本地编辑复核	e2c3ed2762bb6c462efe13626c74973ed05083270ba1b13c0a02f71ba8843f72	ac83a35d407842c2c6df997a9ca04a010fe92d9a8961af30a5265e9b0afa164f
word_fc721529e7b1	cover	add-sense	{"definition":"to place something over another thing, include a subject, or protect against a cost","meaningDetailedZh":"除覆盖外，在课程中可表示涵盖内容，在保险语境中表示承保或承担费用。","meaningDetailZh":""}		[{"gloss":"覆盖；遮盖","posFamily":"verb","label":"物理动作","confidence":"high","evidence":[{"sourceType":"existing-entry-and-local-editorial","sourceBook":"","sourceTest":"","sourceSection":"","contextSnippet":"The insurance policy covers medical expenses.","evidenceConfidence":"high"}],"order":1},{"gloss":"涵盖；涉及","posFamily":"verb","label":"内容范围","confidence":"high","evidence":[{"sourceType":"existing-entry-and-local-editorial","sourceBook":"","sourceTest":"","sourceSection":"","contextSnippet":"The insurance policy covers medical expenses.","evidenceConfidence":"high"}],"order":2},{"gloss":"承保；承担费用","posFamily":"verb","label":"保险","confidence":"high","evidence":[{"sourceType":"existing-entry-and-local-editorial","sourceBook":"","sourceTest":"","sourceSection":"","contextSnippet":"The insurance policy covers medical expenses.","evidenceConfidence":"high"}],"order":3}]	[{"senseId":"word_fc721529e7b1-semantic-v1-1","quizMeaningZh":"覆盖；遮盖","meaningDetailedZh":"覆盖；遮盖","posFamily":"verb","confidence":"high","source":"semantic-quality-v1"},{"senseId":"word_fc721529e7b1-semantic-v1-2","quizMeaningZh":"涵盖；涉及","meaningDetailedZh":"涵盖；涉及","posFamily":"verb","confidence":"high","source":"semantic-quality-v1"},{"senseId":"word_fc721529e7b1-semantic-v1-3","quizMeaningZh":"承保；承担费用","meaningDetailedZh":"承保；承担费用","posFamily":"verb","confidence":"high","source":"semantic-quality-v1"}]	CORE_GT_STAGE_1_2	G类阶段1；现有例句与本地编辑复核	44a53c4c9785f9ba7e19c6df111fe4427515e253e4504b363c3ceb24b644a080	dabab8da52f4fc386691baca6a1567dee85d3d5d1a93c0ed6b6adf5ecca74d36
word_3c9a3be2e7de	account	add-sense	{"definition":"an arrangement with a bank or service, or a description of an event","meaningDetailedZh":"常指银行或网络账户；在阅读中也可表示对事件的叙述或说明。","meaningDetailZh":""}		[{"gloss":"账户；账号","posFamily":"noun","label":"银行与服务","confidence":"high","evidence":[{"sourceType":"existing-entry-and-local-editorial","sourceBook":"","sourceTest":"","sourceSection":"","contextSnippet":"I need to check my bank account.","evidenceConfidence":"high"}],"order":1},{"gloss":"叙述；说明","posFamily":"noun","label":"阅读","confidence":"high","evidence":[{"sourceType":"existing-entry-and-local-editorial","sourceBook":"","sourceTest":"","sourceSection":"","contextSnippet":"I need to check my bank account.","evidenceConfidence":"high"}],"order":2}]	[{"senseId":"word_3c9a3be2e7de-semantic-v1-1","quizMeaningZh":"账户；账号","meaningDetailedZh":"账户；账号","posFamily":"noun","confidence":"high","source":"semantic-quality-v1"},{"senseId":"word_3c9a3be2e7de-semantic-v1-2","quizMeaningZh":"叙述；说明","meaningDetailedZh":"叙述；说明","posFamily":"noun","confidence":"high","source":"semantic-quality-v1"}]	CORE_GT_STAGE_1_2	G类阶段1；现有例句与本地编辑复核	0067fd63de5e794d1b8e031f043bb83613c750c1f00c7896a636dd97f2b93c76	8020a10fbad92ff4a9b5e9bd6d2a88c480879bcd0ba507bdc2ce9eacf83db6b4
word_9444d8ec16d7	notice	add-sense	{"definition":"information or a warning given in writing, or the act of becoming aware of something","meaningDetailedZh":"作名词常指通知、公告或提前告知期；作动词表示注意到。","meaningDetailZh":""}		[{"gloss":"通知；公告","posFamily":"noun","label":"公共信息","confidence":"high","evidence":[{"sourceType":"existing-entry-and-local-editorial","sourceBook":"","sourceTest":"","sourceSection":"","contextSnippet":"Did you notice the sign? / Notice period.","evidenceConfidence":"high"}],"order":1},{"gloss":"提前通知","posFamily":"noun","label":"租赁与工作","confidence":"high","evidence":[{"sourceType":"existing-entry-and-local-editorial","sourceBook":"","sourceTest":"","sourceSection":"","contextSnippet":"Did you notice the sign? / Notice period.","evidenceConfidence":"high"}],"order":2},{"gloss":"注意到","posFamily":"verb","label":"感知","confidence":"high","evidence":[{"sourceType":"existing-entry-and-local-editorial","sourceBook":"","sourceTest":"","sourceSection":"","contextSnippet":"Did you notice the sign? / Notice period.","evidenceConfidence":"high"}],"order":3}]	[{"senseId":"word_9444d8ec16d7-semantic-v1-1","quizMeaningZh":"通知；公告","meaningDetailedZh":"通知；公告","posFamily":"noun","confidence":"high","source":"semantic-quality-v1"},{"senseId":"word_9444d8ec16d7-semantic-v1-2","quizMeaningZh":"提前通知","meaningDetailedZh":"提前通知","posFamily":"noun","confidence":"high","source":"semantic-quality-v1"},{"senseId":"word_9444d8ec16d7-semantic-v1-3","quizMeaningZh":"注意到","meaningDetailedZh":"注意到","posFamily":"verb","confidence":"high","source":"semantic-quality-v1"}]	CORE_GT_STAGE_1_2	G类阶段1；现有例句与本地编辑复核	df45e19786cd163fd73f63d9a6d384c8c858d7e379fac2a43262a858d4577f66	c8fabddb2e7c1e726293a8040a84fd240d4eaad5ab7a758b3ebfd3fb388c97e2
word_80f381141d0e	due	add-sense	{"definition":"expected or required at a particular time, or caused by something","meaningDetailedZh":"可表示到期、应支付，也用于 due to 表示由于；注意不同结构对应不同词性功能。","meaningDetailZh":""}		[{"gloss":"到期的；应支付的","posFamily":"adjective","label":"时间与付款","confidence":"high","evidence":[{"sourceType":"existing-entry-and-local-editorial","sourceBook":"","sourceTest":"","sourceSection":"","contextSnippet":"The report is due tomorrow.","evidenceConfidence":"high"}],"order":1},{"gloss":"由于","posFamily":"preposition phrase","label":"due to","confidence":"high","evidence":[{"sourceType":"existing-entry-and-local-editorial","sourceBook":"","sourceTest":"","sourceSection":"","contextSnippet":"The report is due tomorrow.","evidenceConfidence":"high"}],"order":2}]	[{"senseId":"word_80f381141d0e-semantic-v1-1","quizMeaningZh":"到期的；应支付的","meaningDetailedZh":"到期的；应支付的","posFamily":"adjective","confidence":"high","source":"semantic-quality-v1"},{"senseId":"word_80f381141d0e-semantic-v1-2","quizMeaningZh":"由于","meaningDetailedZh":"由于","posFamily":"preposition phrase","confidence":"high","source":"semantic-quality-v1"}]	CORE_GT_STAGE_1_2	G类阶段1；现有例句与本地编辑复核	d9fdc38f2c0e0dc6f565168bce47cb05863547949b7cb3c458fe0c4cc739e698	387ecef66a956ca6b7d5202708bd427e29ea22d1f558578ded150f42fce9e2b5
word_702c3197ab08	rent	add-sense	{"definition":"money paid regularly for the use of a room, building or land","meaningDetailedZh":"通常指按期支付的房租或租金；作动词时表示租用或出租。","meaningDetailZh":""}		[{"gloss":"租金；房租","posFamily":"noun","label":"住房","confidence":"high","evidence":[{"sourceType":"existing-entry-and-local-editorial","sourceBook":"","sourceTest":"","sourceSection":"","contextSnippet":"The rent is due on the first of the month.","evidenceConfidence":"high"}],"order":1},{"gloss":"租用；出租","posFamily":"verb","label":"住房","confidence":"high","evidence":[{"sourceType":"existing-entry-and-local-editorial","sourceBook":"","sourceTest":"","sourceSection":"","contextSnippet":"The rent is due on the first of the month.","evidenceConfidence":"high"}],"order":2}]	[{"senseId":"word_702c3197ab08-semantic-v1-1","quizMeaningZh":"租金；房租","meaningDetailedZh":"租金；房租","posFamily":"noun","confidence":"high","source":"semantic-quality-v1"},{"senseId":"word_702c3197ab08-semantic-v1-2","quizMeaningZh":"租用；出租","meaningDetailedZh":"租用；出租","posFamily":"verb","confidence":"high","source":"semantic-quality-v1"}]	CORE_GT_STAGE_1_2	G类阶段核心；现有例句与本地编辑复核	d021adf4e13139be1f6668bc83eb260202827dfe62cc839e22c11e345ed09c03	7ea42eca65ddec33e0c95085acb448e03d7f65903b226da09d85298767826d95
word_e8cb890d2735	deposit	add-sense	{"definition":"money paid in advance as security, or money placed in a bank account","meaningDetailedZh":"住房语境常指押金，银行语境指存款；作动词可表示存入或放下。","meaningDetailZh":""}		[{"gloss":"押金","posFamily":"noun","label":"租赁","confidence":"high","evidence":[{"sourceType":"existing-entry-and-local-editorial","sourceBook":"","sourceTest":"","sourceSection":"","contextSnippet":"I paid a deposit for the apartment.","evidenceConfidence":"high"}],"order":1},{"gloss":"存款；存入","posFamily":"noun/verb","label":"银行","confidence":"high","evidence":[{"sourceType":"existing-entry-and-local-editorial","sourceBook":"","sourceTest":"","sourceSection":"","contextSnippet":"I paid a deposit for the apartment.","evidenceConfidence":"high"}],"order":2}]	[{"senseId":"word_e8cb890d2735-semantic-v1-1","quizMeaningZh":"押金","meaningDetailedZh":"押金","posFamily":"noun","confidence":"high","source":"semantic-quality-v1"},{"senseId":"word_e8cb890d2735-semantic-v1-2","quizMeaningZh":"存款；存入","meaningDetailedZh":"存款；存入","posFamily":"noun/verb","confidence":"high","source":"semantic-quality-v1"}]	CORE_GT_STAGE_1_2	G类阶段2；现有例句与本地编辑复核	2c378073f42ce349661d2bd3c0d2f28e88c48195eb99522cfa4133b67912dfdd	9d0c40d4a2d6cedf2cbdca00f30a6150d68c4728355caeb7d0ea13e2ed21343a
word_4337f95a01f8	shift	add-sense	{"definition":"a period of work or a change in position, direction or opinion","meaningDetailedZh":"工作语境中指轮班或班次；阅读中也常表示位置、趋势或观点的转变。","meaningDetailZh":""}		[{"gloss":"轮班；班次","posFamily":"noun","label":"工作","confidence":"high","evidence":[{"sourceType":"existing-entry-and-local-editorial","sourceBook":"","sourceTest":"","sourceSection":"","contextSnippet":"There has been a shift in public opinion.","evidenceConfidence":"high"}],"order":1},{"gloss":"转变；移动","posFamily":"noun/verb","label":"变化","confidence":"high","evidence":[{"sourceType":"existing-entry-and-local-editorial","sourceBook":"","sourceTest":"","sourceSection":"","contextSnippet":"There has been a shift in public opinion.","evidenceConfidence":"high"}],"order":2}]	[{"senseId":"word_4337f95a01f8-semantic-v1-1","quizMeaningZh":"轮班；班次","meaningDetailedZh":"轮班；班次","posFamily":"noun","confidence":"high","source":"semantic-quality-v1"},{"senseId":"word_4337f95a01f8-semantic-v1-2","quizMeaningZh":"转变；移动","meaningDetailedZh":"转变；移动","posFamily":"noun/verb","confidence":"high","source":"semantic-quality-v1"}]	CORE_GT_STAGE_1_2	G类阶段1；现有例句与本地编辑复核	4e9664c99a97383268f87a979b4e58771aafacc5b207b42a434034655ad43bc5	028790e1425be0601e788694bcdc988f40a83bca5105dfab32c37ec9cf377779
word_c11bf72f48e4	leave	add-sense	{"definition":"to go away from a place, or permitted time away from work","meaningDetailedZh":"作动词表示离开或留下；作名词时在工作语境中表示获准休假。","meaningDetailZh":""}		[{"gloss":"离开；留下","posFamily":"verb","label":"一般动作","confidence":"high","evidence":[{"sourceType":"existing-entry-and-local-editorial","sourceBook":"","sourceTest":"","sourceSection":"","contextSnippet":"I will leave the office at 5.","evidenceConfidence":"high"}],"order":1},{"gloss":"休假；假期","posFamily":"noun","label":"工作","confidence":"high","evidence":[{"sourceType":"existing-entry-and-local-editorial","sourceBook":"","sourceTest":"","sourceSection":"","contextSnippet":"I will leave the office at 5.","evidenceConfidence":"high"}],"order":2}]	[{"senseId":"word_c11bf72f48e4-semantic-v1-1","quizMeaningZh":"离开；留下","meaningDetailedZh":"离开；留下","posFamily":"verb","confidence":"high","source":"semantic-quality-v1"},{"senseId":"word_c11bf72f48e4-semantic-v1-2","quizMeaningZh":"休假；假期","meaningDetailedZh":"休假；假期","posFamily":"noun","confidence":"high","source":"semantic-quality-v1"}]	CORE_GT_STAGE_1_2	G类阶段1；现有例句与本地编辑复核	186dac1bbf8eb3819ec169d14516772fcc20609aab128fee2abf53d2e788f410	e29952e329f344b894503743257f641268a027cd049b3ed7485074b92734c664
word_df431cfc914a	appeal	add-sense	{"definition":"a formal request to change a decision, or a quality that attracts people","meaningDetailedZh":"法律和行政语境中指上诉、申诉；描述产品或地点时可指吸引力。","meaningDetailZh":""}		[{"gloss":"上诉；申诉","posFamily":"noun/verb","label":"法律与行政","confidence":"high","evidence":[{"sourceType":"existing-entry-and-local-editorial","sourceBook":"","sourceTest":"","sourceSection":"","contextSnippet":"The appeal of the job is the high salary.","evidenceConfidence":"high"}],"order":1},{"gloss":"吸引力","posFamily":"noun","label":"评价","confidence":"high","evidence":[{"sourceType":"existing-entry-and-local-editorial","sourceBook":"","sourceTest":"","sourceSection":"","contextSnippet":"The appeal of the job is the high salary.","evidenceConfidence":"high"}],"order":2}]	[{"senseId":"word_df431cfc914a-semantic-v1-1","quizMeaningZh":"上诉；申诉","meaningDetailedZh":"上诉；申诉","posFamily":"noun/verb","confidence":"high","source":"semantic-quality-v1"},{"senseId":"word_df431cfc914a-semantic-v1-2","quizMeaningZh":"吸引力","meaningDetailedZh":"吸引力","posFamily":"noun","confidence":"high","source":"semantic-quality-v1"}]	CORE_GT_STAGE_1_2	G类阶段1；现有例句与本地编辑复核	95d702ad5836d65dfb2a4f33e00baef8a418d311f867c789e895ec0b335afb3f	09a19321d4a9c196fc702fd9975153a1b2c1a8ae7b9331202d667ddc70e22daf
word_09b203544e57	fine	add-sense	{"definition":"money paid as a punishment, or of good quality","meaningDetailedZh":"作名词通常指罚款；作形容词可表示好的、精细的，也可表示身体状况尚可。","meaningDetailZh":""}		[{"gloss":"罚款","posFamily":"noun","label":"规则与处罚","confidence":"high","evidence":[{"sourceType":"existing-entry-and-local-editorial","sourceBook":"","sourceTest":"","sourceSection":"","contextSnippet":"The weather is fine today.","evidenceConfidence":"high"}],"order":1},{"gloss":"好的；精细的","posFamily":"adjective","label":"质量","confidence":"high","evidence":[{"sourceType":"existing-entry-and-local-editorial","sourceBook":"","sourceTest":"","sourceSection":"","contextSnippet":"The weather is fine today.","evidenceConfidence":"high"}],"order":2}]	[{"senseId":"word_09b203544e57-semantic-v1-1","quizMeaningZh":"罚款","meaningDetailedZh":"罚款","posFamily":"noun","confidence":"high","source":"semantic-quality-v1"},{"senseId":"word_09b203544e57-semantic-v1-2","quizMeaningZh":"好的；精细的","meaningDetailedZh":"好的；精细的","posFamily":"adjective","confidence":"high","source":"semantic-quality-v1"}]	CORE_GT_STAGE_1_2	G类阶段核心；现有例句与本地编辑复核	4b7f9c451bd0740915fd671e65ccd046c548b4e41bd3e545bac530306047fb2a	0c6c73101e0ceb38b23de4f68cd879eac4071b6ec57ec70324d47f72a26b13f3
word_e9dc7d0e34f5	current	add-sense	{"definition":"happening or existing now, or a continuous movement of water or electricity","meaningDetailedZh":"作形容词表示当前的；作名词可指水流、洋流或电流，需依语境判断。","meaningDetailZh":""}		[{"gloss":"当前的；现行的","posFamily":"adjective","label":"时间","confidence":"high","evidence":[{"sourceType":"existing-entry-and-local-editorial","sourceBook":"","sourceTest":"","sourceSection":"","contextSnippet":"The current situation requires immediate action.","evidenceConfidence":"high"}],"order":1},{"gloss":"水流；洋流","posFamily":"noun","label":"自然","confidence":"high","evidence":[{"sourceType":"existing-entry-and-local-editorial","sourceBook":"","sourceTest":"","sourceSection":"","contextSnippet":"The current situation requires immediate action.","evidenceConfidence":"high"}],"order":2},{"gloss":"电流","posFamily":"noun","label":"电力","confidence":"high","evidence":[{"sourceType":"existing-entry-and-local-editorial","sourceBook":"","sourceTest":"","sourceSection":"","contextSnippet":"The current situation requires immediate action.","evidenceConfidence":"high"}],"order":3}]	[{"senseId":"word_e9dc7d0e34f5-semantic-v1-1","quizMeaningZh":"当前的；现行的","meaningDetailedZh":"当前的；现行的","posFamily":"adjective","confidence":"high","source":"semantic-quality-v1"},{"senseId":"word_e9dc7d0e34f5-semantic-v1-2","quizMeaningZh":"水流；洋流","meaningDetailedZh":"水流；洋流","posFamily":"noun","confidence":"high","source":"semantic-quality-v1"},{"senseId":"word_e9dc7d0e34f5-semantic-v1-3","quizMeaningZh":"电流","meaningDetailedZh":"电流","posFamily":"noun","confidence":"high","source":"semantic-quality-v1"}]	CORE_GT_STAGE_1_2	G类阶段1；现有例句与本地编辑复核	2cd1286f3bc98efc99c23814b195db04a77884e423b394894601605d8fa8000c	0d4ffa80bca462be1ccfc00796256531fe5f64bab076a13448ebff5110e498b4
word_f6810715d09f	reserve	add-sense	{"definition":"to keep something for future use or arrange for it to be available","meaningDetailedZh":"常表示预订座位或房间，也可表示保留资源；名词还可指储备。","meaningDetailZh":""}		[{"gloss":"预订","posFamily":"verb","label":"旅行与服务","confidence":"high","evidence":[{"sourceType":"existing-entry-and-local-editorial","sourceBook":"","sourceTest":"","sourceSection":"","contextSnippet":"I'd like to reserve a table.","evidenceConfidence":"high"}],"order":1},{"gloss":"保留；储备","posFamily":"noun/verb","label":"资源","confidence":"high","evidence":[{"sourceType":"existing-entry-and-local-editorial","sourceBook":"","sourceTest":"","sourceSection":"","contextSnippet":"I'd like to reserve a table.","evidenceConfidence":"high"}],"order":2}]	[{"senseId":"word_f6810715d09f-semantic-v1-1","quizMeaningZh":"预订","meaningDetailedZh":"预订","posFamily":"verb","confidence":"high","source":"semantic-quality-v1"},{"senseId":"word_f6810715d09f-semantic-v1-2","quizMeaningZh":"保留；储备","meaningDetailedZh":"保留；储备","posFamily":"noun/verb","confidence":"high","source":"semantic-quality-v1"}]	CORE_GT_STAGE_1_2	G类阶段1；现有例句与本地编辑复核	5fa6883194ec19a9d8c991a7c7cf72af0fc6268e51f76f904e2d5062aa5793e4	132c2daf879ea8efabf78ec4909ae47b3a2574000856d1ec4a2f950017bd5bb1
word_38eb8530aa23	address	add-sense	{"definition":"the details of where someone lives, or to deal with a problem","meaningDetailedZh":"名词指地址；作动词可表示向某人讲话，也常表示处理问题。","meaningDetailZh":""}		[{"gloss":"地址","posFamily":"noun","label":"联系信息","confidence":"high","evidence":[{"sourceType":"existing-entry-and-local-editorial","sourceBook":"","sourceTest":"","sourceSection":"","contextSnippet":"Please write your address on the form.","evidenceConfidence":"high"}],"order":1},{"gloss":"处理；应对","posFamily":"verb","label":"问题","confidence":"high","evidence":[{"sourceType":"existing-entry-and-local-editorial","sourceBook":"","sourceTest":"","sourceSection":"","contextSnippet":"Please write your address on the form.","evidenceConfidence":"high"}],"order":2},{"gloss":"向……讲话","posFamily":"verb","label":"交流","confidence":"high","evidence":[{"sourceType":"existing-entry-and-local-editorial","sourceBook":"","sourceTest":"","sourceSection":"","contextSnippet":"Please write your address on the form.","evidenceConfidence":"high"}],"order":3}]	[{"senseId":"word_38eb8530aa23-semantic-v1-1","quizMeaningZh":"地址","meaningDetailedZh":"地址","posFamily":"noun","confidence":"high","source":"semantic-quality-v1"},{"senseId":"word_38eb8530aa23-semantic-v1-2","quizMeaningZh":"处理；应对","meaningDetailedZh":"处理；应对","posFamily":"verb","confidence":"high","source":"semantic-quality-v1"},{"senseId":"word_38eb8530aa23-semantic-v1-3","quizMeaningZh":"向……讲话","meaningDetailedZh":"向……讲话","posFamily":"verb","confidence":"high","source":"semantic-quality-v1"}]	CORE_GT_STAGE_1_2	G类阶段1；现有例句与本地编辑复核	7d5b0758ff84f149121f053730efbe3f86c5a6cda3e946f49816ce30dbe33618	232c91be22212478de84c99e7ff9400d49eedca3b072487510e0eb0437279675
word_15a61b86aa0d	subject	add-sense	{"definition":"a topic of study or discussion, or something affected by a condition","meaningDetailedZh":"可指学科、主题或研究对象；subject to 表示受某条件约束或可能发生。","meaningDetailZh":""}		[{"gloss":"科目；主题","posFamily":"noun","label":"学习与讨论","confidence":"high","evidence":[{"sourceType":"existing-entry-and-local-editorial","sourceBook":"","sourceTest":"","sourceSection":"","contextSnippet":"Math is my favorite subject.","evidenceConfidence":"high"}],"order":1},{"gloss":"研究对象","posFamily":"noun","label":"研究","confidence":"high","evidence":[{"sourceType":"existing-entry-and-local-editorial","sourceBook":"","sourceTest":"","sourceSection":"","contextSnippet":"Math is my favorite subject.","evidenceConfidence":"high"}],"order":2},{"gloss":"受……约束","posFamily":"adjective","label":"subject to","confidence":"high","evidence":[{"sourceType":"existing-entry-and-local-editorial","sourceBook":"","sourceTest":"","sourceSection":"","contextSnippet":"Math is my favorite subject.","evidenceConfidence":"high"}],"order":3}]	[{"senseId":"word_15a61b86aa0d-semantic-v1-1","quizMeaningZh":"科目；主题","meaningDetailedZh":"科目；主题","posFamily":"noun","confidence":"high","source":"semantic-quality-v1"},{"senseId":"word_15a61b86aa0d-semantic-v1-2","quizMeaningZh":"研究对象","meaningDetailedZh":"研究对象","posFamily":"noun","confidence":"high","source":"semantic-quality-v1"},{"senseId":"word_15a61b86aa0d-semantic-v1-3","quizMeaningZh":"受……约束","meaningDetailedZh":"受……约束","posFamily":"adjective","confidence":"high","source":"semantic-quality-v1"}]	CORE_GT_STAGE_1_2	G类阶段1；现有例句与本地编辑复核	2191c586952a5be008ac24f77f688b82df267d7e7fa8fa98ee6a0027ff1fcb2e	9658512329323707f8908f8a2b25e100256cb1a2ff77385573290b482241e386
word_99c339d5753a	term	add-sense	{"definition":"a word used for a particular idea, a school period, or a condition in an agreement","meaningDetailedZh":"可指术语、学期，也常以复数 terms 表示合同或付款条款。","meaningDetailZh":""}		[{"gloss":"术语","posFamily":"noun","label":"语言","confidence":"high","evidence":[{"sourceType":"existing-entry-and-local-editorial","sourceBook":"","sourceTest":"","sourceSection":"","contextSnippet":"The term starts in September.","evidenceConfidence":"high"}],"order":1},{"gloss":"学期","posFamily":"noun","label":"教育","confidence":"high","evidence":[{"sourceType":"existing-entry-and-local-editorial","sourceBook":"","sourceTest":"","sourceSection":"","contextSnippet":"The term starts in September.","evidenceConfidence":"high"}],"order":2},{"gloss":"条款；条件","posFamily":"noun","label":"合同","confidence":"high","evidence":[{"sourceType":"existing-entry-and-local-editorial","sourceBook":"","sourceTest":"","sourceSection":"","contextSnippet":"The term starts in September.","evidenceConfidence":"high"}],"order":3}]	[{"senseId":"word_99c339d5753a-semantic-v1-1","quizMeaningZh":"术语","meaningDetailedZh":"术语","posFamily":"noun","confidence":"high","source":"semantic-quality-v1"},{"senseId":"word_99c339d5753a-semantic-v1-2","quizMeaningZh":"学期","meaningDetailedZh":"学期","posFamily":"noun","confidence":"high","source":"semantic-quality-v1"},{"senseId":"word_99c339d5753a-semantic-v1-3","quizMeaningZh":"条款；条件","meaningDetailedZh":"条款；条件","posFamily":"noun","confidence":"high","source":"semantic-quality-v1"}]	CORE_GT_STAGE_1_2	G类阶段1；现有例句与本地编辑复核	c299ee95ebc5cc9522af3ba20f876ed4cadc15a5b9dcbf8f1ee27207f128c06c	a4d0675e564243e7d23f52155ebab3434dead761df55256baf157cd72dfd1292
word_f337fc3297a7	balance	add-sense	{"definition":"the amount of money remaining in an account, or a state in which things are equal","meaningDetailedZh":"银行语境指账户余额；一般语境表示平衡，也可作动词表示使两者兼顾。","meaningDetailZh":""}		[{"gloss":"余额","posFamily":"noun","label":"银行","confidence":"high","evidence":[{"sourceType":"existing-entry-and-local-editorial","sourceBook":"","sourceTest":"","sourceSection":"","contextSnippet":"You need to keep a balance between work and life.","evidenceConfidence":"high"}],"order":1},{"gloss":"平衡；均衡","posFamily":"noun/verb","label":"一般关系","confidence":"high","evidence":[{"sourceType":"existing-entry-and-local-editorial","sourceBook":"","sourceTest":"","sourceSection":"","contextSnippet":"You need to keep a balance between work and life.","evidenceConfidence":"high"}],"order":2}]	[{"senseId":"word_f337fc3297a7-semantic-v1-1","quizMeaningZh":"余额","meaningDetailedZh":"余额","posFamily":"noun","confidence":"high","source":"semantic-quality-v1"},{"senseId":"word_f337fc3297a7-semantic-v1-2","quizMeaningZh":"平衡；均衡","meaningDetailedZh":"平衡；均衡","posFamily":"noun/verb","confidence":"high","source":"semantic-quality-v1"}]	CORE_GT_STAGE_1_2	G类阶段1；现有例句与本地编辑复核	3828dc05232f2f3f8cb4aeee325a2719ffa6f7a7a1e49edc3dc33589e17050df	daea1aab08044784c07cb17035627fb8bbe4f277b15efba9e705649bc146e136
