id	word	action	reason	evidence	finalExample	finalExampleCn
word_a3a4c8d5a70c	suitable	repair	space_before_punctuation	现有中文例句、本地词条字段及人工语义复核	This job is suitable.	这份工作适合你。
word_ee696da34197	intend	repair	unfinished_example,space_before_punctuation	现有中文例句、本地词条字段及人工语义复核	I intend to apply for the job.	我打算申请这份工作。
word_1eedd7809799	find	repair	space_before_punctuation	现有中文例句、本地词条字段及人工语义复核	I need to find.	我需要找份工作。
word_70f7f080c3d5	opinion	repair	human-semantic-followup	现有完整中文例句与人工语义复核	In my opinion, education is essential.	在我看来，教育是关键。
word_9b7a699135f1	psychological	repair	space_before_punctuation	现有中文例句、本地词条字段及人工语义复核	The accident had a psychological impact.	那次事故对他产生了心理影响。
word_0c16baf0eded	japanese	repair	unfinished_example,space_before_punctuation	现有中文例句、本地词条字段及人工语义复核	She is learning Japanese for the job.	她为了工作在学习日语。
word_c9f9e86d9398	recover	repair	unfinished_example,space_before_punctuation	现有中文例句、本地词条字段及人工语义复核	She is recovering from the flu.	她正在从流感中恢复。
word_afa04fa71fc4	parliament	repair	unfinished_example,space_before_punctuation	现有中文例句、本地词条字段及人工语义复核	The parliament passed a new law.	议会通过了一项新法律。
word_2b0eded425ff	lose	repair	space_before_punctuation	现有中文例句、本地词条字段及人工语义复核	I don't want to lose.	我不想失去工作。
word_248b535efa3e	german	repair	unfinished_example,space_before_punctuation	现有中文例句、本地词条字段及人工语义复核	She is learning German for the job.	她为了工作正在学德语。
word_30dda5937628	maternity	repair	generic_example_cn	现有中文例句、本地词条字段及人工语义复核	Maternity leave policy is explained in the handbook.	员工手册说明了产假政策。
word_77bd22316378	villa	repair	unfinished_example,space_before_punctuation	现有中文例句、本地词条字段及人工语义复核	They rented a villa by the sea.	他们在海边租了一栋别墅。
word_e7ee86196210	scar	repair	unfinished_example,space_before_punctuation	现有中文例句、本地词条字段及人工语义复核	The accident left a scar on the leg.	事故在他腿上留下了伤疤。
word_aac474b6b560	wound	repair	unfinished_example,space_before_punctuation	现有中文例句、本地词条字段及人工语义复核	He has a deep wound on the leg.	他腿上有一个很深的伤口。
word_63cb1205e171	box	repair	manual-priority-review	现有中文例句、本地词条字段及人工语义复核	He put the gift in a small box.	他把礼物放进一个小盒子里。
word_20c4b2d5df80	occasionally	repair	unfinished_example,space_before_punctuation	现有中文例句、本地词条字段及人工语义复核	I occasionally go to the gym.	我偶尔去健身房。
word_eb799ac33250	enemy	repair	space_before_punctuation	现有中文例句、本地词条字段及人工语义复核	They faced many enemies during.	他们在战争中面对许多敌人。
word_9d3f8cd703ce	warmth	repair	unfinished_example,space_before_punctuation	现有中文例句、本地词条字段及人工语义复核	I felt the warmth of the sun.	我感受到了太阳的温暖。
word_bf3d936ea1fe	progression	repair	space_before_punctuation	现有中文例句、本地词条字段及人工语义复核	Career progression is important.	职业发展对我很重要。
word_ecf2038bd70e	qualify	repair	unfinished_example,space_before_punctuation	现有中文例句、本地词条字段及人工语义复核	You need to qualify for the job.	你需要有资格做这份工作。
word_7c9d5a8396ff	abscess	repair	unfinished_example,space_before_punctuation	现有中文例句、本地词条字段及人工语义复核	The dentist treated the abscess in the gums.	牙医治疗了牙龈脓肿。
word_66b4e0b0a14c	slip	repair	unfinished_example,space_before_punctuation	现有中文例句、本地词条字段及人工语义复核	Be careful not to slip on the ice.	小心不要在冰上滑倒。
word_a845c009f27f	lot	repair	space_before_punctuation	现有中文例句、本地词条字段及人工语义复核	I have a lot of work.	我有很多工作要做。
word_b56bb4c6842e	protest	repair	unfinished_example,space_before_punctuation	现有中文例句、本地词条字段及人工语义复核	They held a protest against the new law.	他们举行抗议反对新法律。
word_296690b206c6	app	repair	manual-priority-review	现有中文例句、本地词条字段及人工语义复核	I downloaded a fitness app.	我下载了一个健身应用。
word_65219f9f6260	historian	repair	space_before_punctuation	现有中文例句、本地词条字段及人工语义复核	The historian wrote a book about.	历史学家写了一本关于战争的书。
word_43907d268d0f	too	repair	space_before_punctuation	现有中文例句、本地词条字段及人工语义复核	This bag is too heavy.	这个包对我来说太重了。
word_b6d6cb8e81bb	fade	repair	unfinished_example,space_before_punctuation	现有中文例句、本地词条字段及人工语义复核	The colors fade in the sun.	颜色在阳光下褪色。
word_e17520117e0f	tough	repair	unfinished_example,space_before_punctuation	现有中文例句、本地词条字段及人工语义复核	It's a tough job, but someone has to the job.	这是一份艰苦的工作，但总得有人做。
word_aeaeb0ac7854	thirsty	repair	space_before_punctuation	现有中文例句、本地词条字段及人工语义复核	I am thirsty after.	跑步后我口渴了。
word_34e749e55cc0	bottom	repair	unfinished_example,space_before_punctuation	现有中文例句、本地词条字段及人工语义复核	The key fell to the bottom of the bag.	钥匙掉到了包底。
word_afb557ded940	preference	repair	space_before_punctuation	现有中文例句、本地词条字段及人工语义复核	I have a preference.	我偏好茶。
word_05b120a1b4dd	diagnosis	repair	human-semantic-followup	现有完整中文例句与人工语义复核	The doctor's diagnosis was flu.	医生诊断为流感。
word_4d62d9b563bf	darkness	repair	space_before_punctuation	现有中文例句、本地词条字段及人工语义复核	The darkness made it hard.	黑暗使得很难看清。
word_847ab2db6228	equal	repair	space_before_punctuation	现有中文例句、本地词条字段及人工语义复核	All people are equal before.	法律面前人人平等。
word_da92431e9c01	ahead	repair	space_before_punctuation	现有中文例句、本地词条字段及人工语义复核	The deadline is ahead.	截止日期在前方。
word_97334cf02355	rubbish	repair	unfinished_example,space_before_punctuation	现有中文例句、本地词条字段及人工语义复核	Please put the rubbish in the bin.	请把垃圾扔进垃圾桶。
word_117ce5e6e685	era	repair	manual-priority-review	现有中文例句、本地词条字段及人工语义复核	We live in a digital era.	我们生活在数字时代。
word_523a7dc095fc	angel	repair	space_before_punctuation	现有中文例句、本地词条字段及人工语义复核	She is like an angel.	她对我来说像个天使。
word_f881949ee7c8	federal	repair	unfinished_example,space_before_punctuation	现有中文例句、本地词条字段及人工语义复核	The federal government passed a new law.	联邦政府通过了一项新法律。
word_9d353ebda1d1	offer	repair	space_before_punctuation	现有中文例句、本地词条字段及人工语义复核	The company offered me.	公司给了我一份工作。
word_b740b7045b53	tangibly	repair	space_before_punctuation	现有中文例句、本地词条字段及人工语义复核	The benefits are tangibly felt.	所有人都切实感受到了好处。
word_9d30397b2119	bay	repair	unfinished_example,space_before_punctuation,manual-priority-review	现有中文例句、本地词条字段及人工语义复核	The ship anchored in the bay.	船停泊在海湾里。
word_5179937a5934	urge	repair	unfinished_example,space_before_punctuation	现有中文例句、本地词条字段及人工语义复核	I urge you to apply for the job.	我敦促你申请这份工作。
word_0b73ca905a3b	distinct	repair	space_before_punctuation	现有中文例句、本地词条字段及人工语义复核	There is a distinct difference between.	两者有明显的区别。
word_7e6607a4aef7	apply	repair	unfinished_example,space_before_punctuation	现有中文例句、本地词条字段及人工语义复核	She will apply for the job.	她将申请这份工作。
word_75b20a77ffe5	by	repair	space_before_punctuation,manual-priority-review	现有中文例句、本地词条字段及人工语义复核	I go to school by bus.	我乘公交车去学校。
word_c7fb01f3d845	ice	repair	unfinished_example,manual-priority-review	现有中文例句、本地词条字段及人工语义复核	The roads are covered with ice.	道路被冰覆盖了。
word_9fd134367f8e	answer	repair	space_before_punctuation	现有中文例句、本地词条字段及人工语义复核	Please answer the phone.	请帮我接电话。
word_e7d1cda631ec	biscuit	repair	unfinished_example,space_before_punctuation	现有中文例句、本地词条字段及人工语义复核	I like to have a biscuit with the tea.	我喜欢喝茶时吃一块饼干。
word_f0d93c8279b2	sick	repair	human-semantic-followup	现有完整中文例句与人工语义复核	I feel sick; I need a day off.	我感觉不舒服，需要请一天假。
word_28a34c937f1e	aug	repair	manual-priority-review	现有中文例句、本地词条字段及人工语义复核	The event is on 10 August.	活动在8月10日举行。
word_1e4e14aaeb5c	about	repair	unfinished_example	现有中文例句、本地词条字段及人工语义复核	Tell me about your application.	告诉我你的工作。
word_44205da7a33f	oak	repair	space_before_punctuation,manual-priority-review	现有中文例句、本地词条字段及人工语义复核	The table is made of oak.	这张桌子由橡木制成。
word_1141f211da8d	stuffy	repair	space_before_punctuation	现有中文例句、本地词条字段及人工语义复核	This room feels stuffy.	这个房间感觉闷热。
word_33b6e434ca5c	hurry	repair	space_before_punctuation	现有中文例句、本地词条字段及人工语义复核	I have to hurry to catch.	我得赶紧去赶公交车。
word_f564867d6c13	capsule	repair	space_before_punctuation	现有中文例句、本地词条字段及人工语义复核	Take one capsule twice.	每日两次，每次一粒胶囊。
word_65fde9224838	york	repair	unfinished_example,space_before_punctuation	现有中文例句、本地词条字段及人工语义复核	I visited York during my trip to the England.	我在英国旅行时参观了约克。
word_1fc6fee2cbd6	whisper	repair	unfinished_example,space_before_punctuation	现有中文例句、本地词条字段及人工语义复核	She whispered something in the her ear.	她在他耳边低语了什么。
word_f8f727a46941	consider	repair	unfinished_example,space_before_punctuation	现有中文例句、本地词条字段及人工语义复核	Please consider my application for the job.	请考虑我的工作申请。
word_145be25d4c0c	entirely	repair	human-semantic-followup	现有完整中文例句与人工语义复核	I entirely agree with you.	我完全同意你。
word_7b26f77e6ef8	washington	repair	space_before_punctuation	现有中文例句、本地词条字段及人工语义复核	He works in Washington,.	他在华盛顿特区工作。
word_7057b8f6ef7f	hat	repair	human-semantic-followup	现有完整中文例句与人工语义复核	Wear a hat to protect yourself from the sun.	戴上帽子防晒。
word_5a7853bd5e37	redundant	repair	human-semantic-followup	现有完整中文例句与人工语义复核	He was made redundant from his job.	他被解雇了。
word_ab2102d3bb83	applicant	repair	space_before_punctuation	现有中文例句、本地词条字段及人工语义复核	All applicants must submit.	所有申请人都必须提交简历。
word_0963b2bfbf77	sheet	repair	unfinished_example,space_before_punctuation	现有中文例句、本地词条字段及人工语义复核	Please change the sheets on the bed.	请换一下床单。
word_b027b4afe61b	neutral	repair	space_before_punctuation	现有中文例句、本地词条字段及人工语义复核	Switzerland remained neutral during.	瑞士在战争中保持中立。
word_ba5e5afabc1a	kit	repair	space_before_punctuation,manual-priority-review	现有中文例句、本地词条字段及人工语义复核	I bought a first-aid kit.	我买了一个急救包。
word_be26f8eaa267	realise	repair	space_before_punctuation	现有中文例句、本地词条字段及人工语义复核	I didn't realise how late.	我没意识到已经这么晚了。
word_7870e8927a38	after	repair	unfinished_example,space_before_punctuation	现有中文例句、本地词条字段及人工语义复核	After work, I usually go to the gym.	下班后，我通常去健身房。
word_186e9ff804f0	poolroom	repair	space_before_punctuation	现有中文例句、本地词条字段及人工语义复核	The community centre has a poolroom with two tables for residents.	社区中心有一个台球室，里面有两张桌子供居民使用。
word_b24b306ed435	various	repair	human-semantic-followup	现有完整中文例句与人工语义复核	There are various options to choose from.	有多种选择。
word_2a3c5c5fcd06	slogan	repair	unfinished_example	现有中文例句、本地词条字段及人工语义复核	The company's slogan is 'Just do it'.	公司的口号是“只管去做”。
word_f28299ccc743	refresher	repair	unfinished_example,space_before_punctuation	现有中文例句、本地词条字段及人工语义复核	I took a refresher course in accounting before the job.	我在新工作前参加了一个会计进修课程。
word_977a200d8323	fat	repair	manual-priority-review	现有中文例句、本地词条字段及人工语义复核	This meat has too much fat.	这块肉含有太多脂肪。
word_607f6be103c8	description	repair	unfinished_example	现有中文例句、本地词条字段及人工语义复核	Please give a description of your application.	请描述你的工作。
word_20361e21aab1	careless	repair	space_before_punctuation	现有中文例句、本地词条字段及人工语义复核	A careless mistake cost him.	一个粗心的错误让他丢了工作。
word_2184a471b58b	civil	repair	space_before_punctuation	现有中文例句、本地词条字段及人工语义复核	Civil rights are protected.	公民权利受法律保护。
word_c2d1189db13a	boot	repair	unfinished_example,space_before_punctuation	现有中文例句、本地词条字段及人工语义复核	Put the luggage in the boot of the car.	把行李放在汽车后备箱里。
word_468ef9f7f3a0	rhubarb	repair	space_before_punctuation	现有中文例句、本地词条字段及人工语义复核	I picked some rhubarb from the garden to make.	我从花园里摘了一些大黄来做派。
word_6d10a83e4016	skin	repair	unfinished_example,space_before_punctuation	现有中文例句、本地词条字段及人工语义复核	Protect your skin from the sun.	保护皮肤免受阳光伤害。
word_3019189ceee8	orient	repair	unfinished_example,space_before_punctuation	现有中文例句、本地词条字段及人工语义复核	She oriented herself to the job.	她让自己适应了新工作。
word_24647d89a27b	formally	repair	unfinished_example,space_before_punctuation	现有中文例句、本地词条字段及人工语义复核	You should formally apply for the job.	你应该正式申请这份工作。
word_2cca72c9f448	joy	repair	manual-priority-review	现有中文例句、本地词条字段及人工语义复核	The good news brought us great joy.	这个好消息给我们带来了极大的喜悦。
word_c11012dcd962	fracture	repair	human-semantic-followup	现有完整中文例句与人工语义复核	He suffered a fracture in his arm.	他的手臂骨折了。
word_5496d4359d11	correspondent	repair	unfinished_example,space_before_punctuation	现有中文例句、本地词条字段及人工语义复核	The foreign correspondent reported on the war.	外国记者报道了战争。
word_6882696da11a	mud	repair	unfinished_example,space_before_punctuation,manual-priority-review	现有中文例句、本地词条字段及人工语义复核	The car got stuck in the mud.	汽车陷在泥里。
word_3bbc9ad96500	ago	repair	manual-priority-review	现有中文例句、本地词条字段及人工语义复核	I moved here two years ago.	我两年前搬到这里。
word_29949eb53ec5	experiment	repair	unfinished_example,space_before_punctuation	现有中文例句、本地词条字段及人工语义复核	We conducted an experiment in the laboratory.	我们在实验室做了一项实验。
word_5c13258af64d	medicine	repair	space_before_punctuation	现有中文例句、本地词条字段及人工语义复核	Take this medicine three times.	这药一天吃三次。
word_ab24ba93b493	unlike	repair	space_before_punctuation	现有中文例句、本地词条字段及人工语义复核	Unlike his brother, he.	和他哥哥不同，他害羞。
word_fd0aa733efbd	gun	repair	space_before_punctuation	现有中文例句、本地词条字段及人工语义复核	Hunting with a gun is regulated.	用枪打猎受法律管制。
word_49bb2b667323	printer	repair	space_before_punctuation	现有中文例句、本地词条字段及人工语义复核	The printer is out.	打印机没墨了。
word_59891f491673	whole	repair	human-semantic-followup	现有完整中文例句与人工语义复核	I read the whole book in one day.	我一天读完了整本书。
word_21a87d71c09b	irish	repair	human-semantic-followup	现有完整中文例句与人工语义复核	I met an Irish friend at the pub.	我在酒吧遇到一位爱尔兰朋友。
word_8d5a60eb8aab	wake	repair	space_before_punctuation	现有中文例句、本地词条字段及人工语义复核	I usually wake up at 7.	我通常早上七点醒来。
word_c7504c1df799	money	repair	unfinished_example,space_before_punctuation	现有中文例句、本地词条字段及人工语义复核	I need to withdraw some money from the cash machine.	我需要从自动取款机取些钱。
word_ff2d8bbf7d0b	eighteenth	repair	space_before_punctuation	现有中文例句、本地词条字段及人工语义复核	His eighteenth birthday party.	他的十八岁生日派对很有趣。
word_8eedcf521870	law	repair	space_before_punctuation,manual-priority-review	现有中文例句、本地词条字段及人工语义复核	Driving without a licence is against the law.	无证驾驶是违法的。
word_0912b82569a6	radio	repair	unfinished_example,space_before_punctuation	现有中文例句、本地词条字段及人工语义复核	I listen to the radio in the car.	我在车里听收音机。
word_1ad374e62df0	subsequently	repair	space_before_punctuation	现有中文例句、本地词条字段及人工语义复核	He graduated and subsequently found.	他毕业后随后找到了工作。
word_86276aa9a372	proud	repair	unfinished_example,space_before_punctuation	现有中文例句、本地词条字段及人工语义复核	I am proud of the son.	我为我的儿子感到自豪。
word_06704b114b8e	devil	repair	space_before_punctuation	现有中文例句、本地词条字段及人工语义复核	The devil is often depicted.	魔鬼常被描绘成红色。
word_559d05ac9c79	sea	repair	unfinished_example,space_before_punctuation,manual-priority-review	现有中文例句、本地词条字段及人工语义复核	We went swimming in the sea.	我们去海里游泳了。
word_e7baf2991455	gratitude	repair	space_before_punctuation	现有中文例句、本地词条字段及人工语义复核	I expressed my gratitude.	我向他表达了感激。
word_fdd53b6f84ed	grandmother	repair	space_before_punctuation	现有中文例句、本地词条字段及人工语义复核	My grandmother taught me how.	我的祖母教我如何缝纫。
word_775201958993	london	repair	unfinished_example,space_before_punctuation	现有中文例句、本地词条字段及人工语义复核	I visited London last summer and saw the Big Ben.	我去年夏天去了伦敦，看到了大本钟。
word_dec51a75c226	rainy	repair	space_before_punctuation	现有中文例句、本地词条字段及人工语义复核	The weather is rainy today, so I took.	今天下雨，所以我搭了公交车。
word_40f42559899b	gain	repair	unfinished_example,space_before_punctuation	现有中文例句、本地词条字段及人工语义复核	She gained experience from the job.	她从这份工作中获得了经验。
word_25ebb7a4846b	password	repair	human-semantic-followup	现有完整中文例句与人工语义复核	Enter your password to log in.	输入密码登录。
word_d1d3706eb805	particle	repair	unfinished_example,space_before_punctuation	现有中文例句、本地词条字段及人工语义复核	Dust particles float in the air.	灰尘微粒漂浮在空气中。
word_b0d79ba7f2de	savings	repair	space_before_punctuation	现有中文例句、本地词条字段及人工语义复核	She used her savings to buy.	她用她的储蓄买了一辆车。
word_81ca8a0d58a8	motto	repair	unfinished_example	现有中文例句、本地词条字段及人工语义复核	My motto is 'never give up'.	我的座右铭是“永不放弃”。
word_b02dd0ddfb02	bone	repair	unfinished_example,space_before_punctuation	现有中文例句、本地词条字段及人工语义复核	He broke a bone in the leg.	他腿骨折了。
word_d85898555958	literally	repair	space_before_punctuation	现有中文例句、本地词条字段及人工语义复核	He literally ran all.	他 literally 一路跑着。
word_3a8b4f11d461	baseball	repair	unfinished_example,space_before_punctuation	现有中文例句、本地词条字段及人工语义复核	Baseball is a popular sport in the United States.	棒球在美国是一项受欢迎的运动。
word_843ef7f7f1c5	demonstration	repair	unfinished_example,space_before_punctuation	现有中文例句、本地词条字段及人工语义复核	There was a demonstration against the new law.	有一场反对新法律的示威。
word_0941e5ee5d44	compare	repair	space_before_punctuation	现有中文例句、本地词条字段及人工语义复核	Compare the prices before.	购买前比较一下价格。
word_c091ae22538c	accept	repair	unfinished_example,space_before_punctuation	现有中文例句、本地词条字段及人工语义复核	I accept your offer for the job.	我接受你的工作邀请。
word_9fce2172ca92	loose	repair	space_before_punctuation	现有中文例句、本地词条字段及人工语义复核	This shirt is loose.	这件衬衫我穿着宽松。
word_e4a5dff37f69	rush	repair	space_before_punctuation	现有中文例句、本地词条字段及人工语义复核	I had to rush to catch.	我不得不匆忙赶公交车。
word_cc469b9bbc47	parade	repair	unfinished_example	现有中文例句、本地词条字段及人工语义复核	We watched the parade on New Year's Day.	我们在元旦观看了游行。
word_9a92180d3f67	bitter	repair	space_before_punctuation	现有中文例句、本地词条字段及人工语义复核	The coffee was too bitter.	这咖啡对我来说太苦了。
word_7070e7e06d4b	feed	repair	space_before_punctuation	现有中文例句、本地词条字段及人工语义复核	I need to feed my cat twice.	我需要每天喂猫两次。
word_0498fcc46825	friend	repair	unfinished_example,space_before_punctuation	现有中文例句、本地词条字段及人工语义复核	I made a new friend at the gym.	我在健身房交了一个新朋友。
word_44f0a0a36528	opportunity	repair	space_before_punctuation	现有中文例句、本地词条字段及人工语义复核	This job is a great opportunity.	这份工作对我来说是个好机会。
word_63f5565721a3	license	repair	space_before_punctuation	现有中文例句、本地词条字段及人工语义复核	You need a license to drive.	你需要驾照才能开车。
word_876399a2e139	toy	repair	unfinished_example,space_before_punctuation,manual-priority-review	现有中文例句、本地词条字段及人工语义复核	The child played with a toy car.	孩子玩了一辆玩具车。
word_ae8c1409702a	hold	repair	space_before_punctuation	现有中文例句、本地词条字段及人工语义复核	Please hold the door open.	请帮我扶着门。
word_4c27ae7c0ea9	sex	repair	space_before_punctuation,manual-priority-review	现有中文例句、本地词条字段及人工语义复核	The form asks for your name, age, and sex.	表格要求填写姓名、年龄和性别。
word_6ca83a24fb9b	difficulty	repair	space_before_punctuation	现有中文例句、本地词条字段及人工语义复核	He had difficulty finding.	他找工作有困难。
word_82ca0b6a73ad	subscription	repair	unfinished_example,space_before_punctuation	现有中文例句、本地词条字段及人工语义复核	I have a monthly subscription to the gym.	我每月订阅健身房会员。
word_dda0e60b5665	guard	repair	unfinished_example	现有中文例句、本地词条字段及人工语义复核	The security guard checks everyone's attention.	保安检查每个人的身份证。
word_635bf3103516	massachusetts	repair	unfinished_example,space_before_punctuation	现有中文例句、本地词条字段及人工语义复核	He moved to Massachusetts for a job.	他为了新工作搬到了马萨诸塞州。
word_a972953c1fce	day	repair	space_before_punctuation,manual-priority-review	现有中文例句、本地词条字段及人工语义复核	I work eight hours a day.	我每天工作八小时。
word_0bb14bc8c7bc	inquire	repair	space_before_punctuation	现有中文例句、本地词条字段及人工语义复核	I called to inquire about.	我打电话询问工作。
word_2c98bbff8842	rubdown	repair	human-semantic-followup	现有完整中文例句与人工语义复核	After the long run, she treated herself to a relaxing rubdown at the spa.	长跑后，她去水疗中心享受了一次放松按摩。
word_2b077c3a1467	circumstance	repair	space_before_punctuation	现有中文例句、本地词条字段及人工语义复核	Under no circumstance should.	在任何情况下你都不应该撒谎。
word_aafcc8ac88fa	distinction	repair	space_before_punctuation	现有中文例句、本地词条字段及人工语义复核	There is a clear distinction between.	两者之间有明显的区别。
word_4a80f63cd9c8	amenity	repair	space_before_punctuation	现有中文例句、本地词条字段及人工语义复核	The apartment has great amenities like a pool.	公寓有很好的便利设施，比如游泳池和健身房。
word_13c6380c599c	banker	repair	space_before_punctuation	现有中文例句、本地词条字段及人工语义复核	The banker explained the loan terms.	银行家向我们解释了贷款条款。
word_4a2fc953f5b7	bin	repair	manual-priority-review	现有中文例句、本地词条字段及人工语义复核	Please put the paper in the blue bin.	请把纸放进蓝色垃圾桶。
word_63cccf49391e	click	repair	unfinished_example,space_before_punctuation	现有中文例句、本地词条字段及人工语义复核	Click the link to apply for the job.	点击链接申请这份工作。
word_540e3fedb216	concierge	repair	space_before_punctuation	现有中文例句、本地词条字段及人工语义复核	The concierge booked a taxi.	礼宾员为我们叫了出租车。
word_49b5e153d186	correspondence	repair	human-semantic-followup	现有完整中文例句与人工语义复核	I have a long correspondence with my penfriend.	我和笔友有长期的通信。
word_49dc3eba14f5	diagnostic	repair	unfinished_example,space_before_punctuation	现有中文例句、本地词条字段及人工语义复核	They ran a diagnostic test on the car.	他们对汽车进行了诊断测试。
word_ad73de84ea43	exhaust	repair	space_before_punctuation	现有中文例句、本地词条字段及人工语义复核	The car exhaust pollutes.	汽车尾气污染空气。
word_c985547f308d	farewell	repair	space_before_punctuation	现有中文例句、本地词条字段及人工语义复核	We held a farewell party.	我们为他举办了告别派对。
word_c985ff8f2a43	fax	repair	space_before_punctuation,manual-priority-review	现有中文例句、本地词条字段及人工语义复核	Please send the contract by fax.	请用传真发送合同。
word_c9aed4792b79	firework	repair	unfinished_example	现有中文例句、本地词条字段及人工语义复核	We watched the fireworks display on New Year's Day.	我们在除夕夜看了烟花表演。
word_b3e046773ad5	hotline	repair	manual-priority-review	现有中文例句、本地词条字段及人工语义复核	Call the customer hotline if you need urgent help.	如需紧急帮助，请拨打客户热线。
word_ee88600844aa	hourly	repair	space_before_punctuation	现有中文例句、本地词条字段及人工语义复核	The bus runs hourly from 6 a.m. to 10.	公交车从早上6点到晚上10点每小时一班。
word_c08e53adc1a3	impatient	repair	unfinished_example,space_before_punctuation	现有中文例句、本地词条字段及人工语义复核	He became impatient waiting for the bus.	他等公交车时变得不耐烦。
word_66c869cfdefd	ink	repair	manual-priority-review	现有中文例句、本地词条字段及人工语义复核	Please sign the form with black ink.	请用黑色墨水签署表格。
word_debc7ee5e8dd	nap	repair	manual-priority-review	现有中文例句、本地词条字段及人工语义复核	I took a short nap after lunch.	午饭后我小睡了一会儿。
word_5cab48ac6b30	paperwork	repair	space_before_punctuation	现有中文例句、本地词条字段及人工语义复核	I have a lot of paperwork.	我有很多文书工作要做。
word_bcb2ea95b444	pie	repair	manual-priority-review	现有中文例句、本地词条字段及人工语义复核	She ate a slice of apple pie.	她吃了一片苹果派。
word_c9a61696cc29	pillow	repair	unfinished_example,space_before_punctuation	现有中文例句、本地词条字段及人工语义复核	I need an extra pillow for the bed.	我床上需要一个额外的枕头。
word_2ec968e51f85	placement	repair	space_before_punctuation	现有中文例句、本地词条字段及人工语义复核	The agency found a job placement.	中介为他找到了工作安置。
word_d1d4d8e296ac	purse	repair	unfinished_example,space_before_punctuation	现有中文例句、本地词条字段及人工语义复核	I left my purse on the bus.	我把钱包落在公交车上了。
word_411df96bc196	salesman	repair	space_before_punctuation	现有中文例句、本地词条字段及人工语义复核	The salesman helped me choose.	男推销员帮我选了一辆车。
word_719c8b6b9b91	sew	repair	space_before_punctuation	现有中文例句、本地词条字段及人工语义复核	My grandmother taught me how.	我祖母教我如何缝纫。
word_adca1042e456	subsidize	repair	human-semantic-followup	现有完整中文例句与人工语义复核	The government subsidizes public transport to encourage people to use it.	政府补贴公共交通，以鼓励人们使用。
word_8c44030e6722	tag	repair	space_before_punctuation	现有中文例句、本地词条字段及人工语义复核	Check the price tag before.	购买前请查看价格标签。
word_104db0d3d57a	teller	repair	human-semantic-followup	现有完整中文例句与人工语义复核	The teller asked for my identification.	出纳员要求看我的身份证。
word_a531d181f0ea	tempt	repair	space_before_punctuation	现有中文例句、本地词条字段及人工语义复核	The offer tempted him to quit.	那个提议诱惑他辞职。
word_81427d2a9282	toll	repair	space_before_punctuation	现有中文例句、本地词条字段及人工语义复核	The accident death toll rose.	事故死亡人数上升到十人。
word_1d92dae504a7	insecure	repair	space_before_punctuation	现有中文例句、本地词条字段及人工语义复核	She feels insecure about.	她对工作感到不安。
word_fe4a6ca32aaf	honey	repair	unfinished_example,space_before_punctuation	现有中文例句、本地词条字段及人工语义复核	I like honey in the tea.	我喜欢在茶里加蜂蜜。
word_bdc87ed01c4f	barrel	repair	space_before_punctuation	现有中文例句、本地词条字段及人工语义复核	The barrel is full.	桶里装满了油。
word_687a1c21a322	girlfriend	repair	space_before_punctuation	现有中文例句、本地词条字段及人工语义复核	He introduced his girlfriend.	他把他的女朋友介绍给我们。
word_4bd6d3066bf7	headline	repair	unfinished_example	现有中文例句、本地词条字段及人工语义复核	The headline says 'Economy improves'.	标题写着“经济改善”。
word_d91416977303	ritual	repair	space_before_punctuation	现有中文例句、本地词条字段及人工语义复核	Morning coffee is a daily ritual.	早上的咖啡是他的日常仪式。
word_81bf8cff3287	subtle	repair	space_before_punctuation	现有中文例句、本地词条字段及人工语义复核	There is a subtle difference between.	两者之间有一个细微的差别。
word_a3a675d5db82	melt	repair	unfinished_example,space_before_punctuation	现有中文例句、本地词条字段及人工语义复核	The ice cream melted in the sun.	冰淇淋在阳光下融化了。
word_8f87ec9c4a0b	monster	repair	space_before_punctuation	现有中文例句、本地词条字段及人工语义复核	My son is afraid of monsters under.	我儿子害怕床下的怪物。
word_72eeab728ea5	bat	repair	unfinished_example,space_before_punctuation,manual-priority-review	现有中文例句、本地词条字段及人工语义复核	He hit the ball with a bat.	他用球棒击球。
word_6f4395bcd8f8	sweat	repair	space_before_punctuation	现有中文例句、本地词条字段及人工语义复核	I was sweating after.	跑步后我出汗了。
word_919e11cc0f60	profound	repair	space_before_punctuation	现有中文例句、本地词条字段及人工语义复核	The experience had a profound effect.	那次经历对我产生了深远影响。
word_6a9c3dc2f918	hug	repair	manual-priority-review	现有中文例句、本地词条字段及人工语义复核	She gave her friend a warm hug.	她热情地拥抱了朋友。
word_73d7a1d2aef1	grief	repair	space_before_punctuation	现有中文例句、本地词条字段及人工语义复核	She felt great grief after losing.	失业后她感到极大的悲痛。
word_2930d7e4b3de	wagon	repair	human-semantic-followup	现有完整中文例句与人工语义复核	They loaded the wagon with hay.	他们把干草装上马车。
word_3dffc494661d	jar	repair	unfinished_example,space_before_punctuation,manual-priority-review	现有中文例句、本地词条字段及人工语义复核	She stored the biscuits in a jar.	她把饼干放在罐子里。
word_37660b61d944	breeze	repair	human-semantic-followup	现有完整中文例句与人工语义复核	A gentle breeze was blowing from the sea.	一阵轻柔的微风从海上吹来。
word_7537e5c3acc7	icon	repair	space_before_punctuation	现有中文例句、本地词条字段及人工语义复核	Click the icon to open.	点击图标打开应用。
word_fe32eb601c54	fierce	repair	unfinished_example,space_before_punctuation	现有中文例句、本地词条字段及人工语义复核	There was fierce competition for the job.	这份工作竞争激烈。
word_18e601d32167	lid	repair	space_before_punctuation	现有中文例句、本地词条字段及人工语义复核	I can't get the lid off.	我打不开罐子的盖子。
word_cee461e43589	fur	repair	space_before_punctuation,manual-priority-review	现有中文例句、本地词条字段及人工语义复核	She wore a coat made of fake fur.	她穿了一件人造毛皮大衣。
word_1aa56631a463	enact	repair	unfinished_example,space_before_punctuation	现有中文例句、本地词条字段及人工语义复核	The government enacted a new law.	政府颁布了一项新法律。
word_5769534f3d22	prevail	repair	human-semantic-followup	现有完整中文例句与人工语义复核	Justice will prevail in the end.	正义最终会占上风。
word_a986a2178234	spy	repair	space_before_punctuation,manual-priority-review	现有中文例句、本地词条字段及人工语义复核	He was accused of being a spy.	他被指控是一名间谍。
word_5c0692fe8305	cue	repair	human-semantic-followup	现有完整中文例句与人工语义复核	The cue for the next speaker is a nod.	下一个发言者的提示是点头。
word_413260ea154e	thief	repair	unfinished_example,space_before_punctuation	现有中文例句、本地词条字段及人工语义复核	A thief stole my wallet on the bus.	一个小偷在公交车上偷了我的钱包。
word_4da89d5f4943	dome	repair	space_before_punctuation	现有中文例句、本地词条字段及人工语义复核	The building has a large dome.	这座建筑顶部有一个大圆顶。
word_dc006e2ae26e	clutch	repair	unfinished_example,space_before_punctuation	现有中文例句、本地词条字段及人工语义复核	She clutched her bag nervously on the bus.	她在公交车上紧张地紧握着手提包。
word_711a119c7c2c	comet	repair	human-semantic-followup	现有完整中文例句与人工语义复核	We saw a comet in the sky.	我们在天空中看到了一颗彗星。
word_31fb90bbc557	cocktail	repair	human-semantic-followup	现有完整中文例句与人工语义复核	We ordered cocktails at the bar.	我们在酒吧点了鸡尾酒。
word_f8ec71a108b2	explosive	repair	unfinished_example,space_before_punctuation	现有中文例句、本地词条字段及人工语义复核	The police found explosives in the car.	警察在车里发现了爆炸物。
word_f9ba1c84b2d1	mosquito	repair	human-semantic-followup	现有完整中文例句与人工语义复核	A mosquito bit me on the arm.	一只蚊子咬了我的胳膊。
word_854b3112e33f	underneath	repair	space_before_punctuation	现有中文例句、本地词条字段及人工语义复核	The keys are underneath.	钥匙在垫子下面。
word_159ed86f9931	wit	repair	manual-priority-review	现有中文例句、本地词条字段及人工语义复核	Her quick wit made everyone laugh.	她的机智逗得大家发笑。
word_689eb23de111	bout	repair	space_before_punctuation	现有中文例句、本地词条字段及人工语义复核	He had a bout.	他得了一阵流感。
word_f39fcc604a94	temptation	repair	human-semantic-followup	现有完整中文例句与人工语义复核	I resisted the temptation to buy it.	我抵制住了购买的诱惑。
word_67ae877d35f7	arc	repair	human-semantic-followup	现有完整中文例句与人工语义复核	The rainbow formed a perfect arc in the sky.	彩虹在天空中形成了完美的弧形。
word_107379ca1133	tattoo	repair	human-semantic-followup	现有完整中文例句与人工语义复核	He got a tattoo on his arm.	他在胳膊上纹了身。
word_ab9f8f957fa6	ripe	repair	space_before_punctuation	现有中文例句、本地词条字段及人工语义复核	The fruit is ripe enough.	水果已经成熟可以吃了。
word_977a47f280d5	mold	repair	space_before_punctuation	现有中文例句、本地词条字段及人工语义复核	The bread has mold.	面包上长霉了。
word_873bbc2f08e8	mug	repair	space_before_punctuation,manual-priority-review	现有中文例句、本地词条字段及人工语义复核	He poured coffee into a mug.	他把咖啡倒进马克杯。
word_df4f18b2185b	mustard	repair	human-semantic-followup	现有完整中文例句与人工语义复核	I want mustard on my hot dog.	我的热狗要加芥末。
word_39e7af709d62	nickname	repair	unfinished_example	现有中文例句、本地词条字段及人工语义复核	Her nickname is 'Sunny'.	她的绰号是‘阳光’.
word_75acf512113c	quilt	repair	unfinished_example,space_before_punctuation	现有中文例句、本地词条字段及人工语义复核	She put a quilt on the bed.	她在床上放了一条被子。
word_cd06d1637ad6	asteroid	repair	space_before_punctuation	现有中文例句、本地词条字段及人工语义复核	An asteroid could hit Earth.	小行星有一天可能撞击地球。
word_11edd92ef755	fearful	repair	space_before_punctuation	现有中文例句、本地词条字段及人工语义复核	She was fearful of losing.	她害怕失去工作。
word_1d8cca246edf	prototype	repair	human-semantic-followup	现有完整中文例句与人工语义复核	They tested the prototype of the new car.	他们测试了新车的原型。
word_016948cc39c2	den	repair	unfinished_example,space_before_punctuation,manual-priority-review	现有中文例句、本地词条字段及人工语义复核	The fox hid in its den.	狐狸躲进了洞穴。
word_721f12dcac68	jealous	repair	space_before_punctuation	现有中文例句、本地词条字段及人工语义复核	She was jealous of her friend's.	她嫉妒朋友的新工作。
word_506b592267be	dash	repair	unfinished_example,space_before_punctuation	现有中文例句、本地词条字段及人工语义复核	He made a dash for the bus.	他冲向公交车。
word_c55f23d20c89	policymaker	repair	space_before_punctuation	现有中文例句、本地词条字段及人工语义复核	Policymakers debated the new.	政策制定者就新税法进行了辩论。
word_e1bc6907255a	hub	repair	manual-priority-review	现有中文例句、本地词条字段及人工语义复核	The city is a major transport hub.	这座城市是一个重要的交通枢纽。
word_ea77e48ee401	contender	repair	unfinished_example,space_before_punctuation	现有中文例句、本地词条字段及人工语义复核	He is a strong contender for the job.	他是这份工作的有力竞争者。
word_72c30a68cff3	prestige	repair	manual-priority-review	现有中文例句、本地词条字段及人工语义复核	The award brought prestige to the university.	这个奖项为该大学带来了声望。
word_80a34bc91c0b	siren	repair	space_before_punctuation	现有中文例句、本地词条字段及人工语义复核	The ambulance siren woke.	救护车的警报声把我吵醒了。
word_b94060c424a7	referendum	repair	unfinished_example,space_before_punctuation	现有中文例句、本地词条字段及人工语义复核	The government held a referendum on the new law.	政府就该新法律举行了全民公投。
word_b02369315b85	discriminate	repair	space_before_punctuation	现有中文例句、本地词条字段及人工语义复核	Employers should not discriminate against applicants based.	雇主不应基于年龄歧视求职者。
word_182c7dd578fe	brightly	repair	space_before_punctuation	现有中文例句、本地词条字段及人工语义复核	The sun shone brightly.	太阳整天明亮地照耀。
word_365be54203ec	sleek	repair	unfinished_example	现有中文例句、本地词条字段及人工语义复核	The sleek new car caught everyone's attention.	这辆光滑的新车吸引了所有人的目光。
word_58bc8cea4db8	awe	repair	unfinished_example,manual-priority-review	现有中文例句、本地词条字段及人工语义复核	The Grand Canyon filled me with awe.	大峡谷令我心生敬畏。
word_75abdf4e2b8c	informant	repair	human-semantic-followup	现有完整中文例句与人工语义复核	The police relied on an informant for information.	警方依靠线人提供线索。
word_ff17b1a59230	sob	repair	space_before_punctuation	现有中文例句、本地词条字段及人工语义复核	The child sobbed after losing.	孩子丢了玩具后啜泣起来。
word_66d134bedd7b	visibility	repair	space_before_punctuation	现有中文例句、本地词条字段及人工语义复核	Visibility is poor due.	由于大雾，能见度很差。
word_e8ab83444ab1	veto	repair	space_before_punctuation	现有中文例句、本地词条字段及人工语义复核	The president used his veto to block.	总统动用否决权阻止了该法律。
word_b10a7103aab0	ignorant	repair	unfinished_example,space_before_punctuation	现有中文例句、本地词条字段及人工语义复核	Many people are ignorant of the new law.	许多人对法律无知。
word_1cb4dfb54cf6	sideways	repair	unfinished_example,space_before_punctuation	现有中文例句、本地词条字段及人工语义复核	The car skidded sideways on the ice.	汽车在冰上侧滑。
word_d550272551ed	revolve	repair	space_before_punctuation	现有中文例句、本地词条字段及人工语义复核	The Earth revolves around.	地球围绕太阳旋转。
word_fe22c4db4a43	persistence	repair	human-semantic-followup	现有完整中文例句与人工语义复核	Her persistence paid off in the end.	她的坚持最终得到了回报。
word_727635274570	liberate	repair	space_before_punctuation	现有中文例句、本地词条字段及人工语义复核	The soldiers liberated the prisoners.	士兵们解放了战俘。
word_8030229bacf2	vastly	repair	human-semantic-followup	现有完整中文例句与人工语义复核	The new system is vastly superior to the old one.	新系统比旧系统好得多。
word_6ab1d184277a	escalate	repair	space_before_punctuation	现有中文例句、本地词条字段及人工语义复核	The conflict escalated into.	冲突升级为战争。
word_dcb653f068dd	bathe	repair	space_before_punctuation	现有中文例句、本地词条字段及人工语义复核	I usually bathe before going.	我通常在睡觉前洗澡。
word_2a295fc2ae15	bra	repair	manual-priority-review	现有中文例句、本地词条字段及人工语义复核	She chose a comfortable bra.	她选了一件舒适的胸罩。
word_f460c72fa767	bruise	repair	unfinished_example,space_before_punctuation	现有中文例句、本地词条字段及人工语义复核	He had a bruise on the leg.	他腿上有一处瘀伤。
word_9c145db5ced5	pollutant	repair	space_before_punctuation	现有中文例句、本地词条字段及人工语义复核	Factories release pollutants into.	工厂向空气中排放污染物。
word_789a240c4ef4	ordeal	repair	space_before_punctuation	现有中文例句、本地词条字段及人工语义复核	The interview was an ordeal.	那次面试对他来说是一种煎熬。
word_57b71d7a8dc8	conjure	repair	human-semantic-followup	现有完整中文例句与人工语义复核	She can conjure a rabbit out of a hat.	她能从帽子里变出兔子。
word_11a9c3b108ce	nudge	repair	space_before_punctuation	现有中文例句、本地词条字段及人工语义复核	He nudged me to wake.	他轻推我叫醒我。
word_3d6449ca68ba	offshore	repair	space_before_punctuation	现有中文例句、本地词条字段及人工语义复核	They work on an offshore.	他们在离岸石油钻井平台上工作。
word_bb4e947548d5	pedal	repair	space_before_punctuation	现有中文例句、本地词条字段及人工语义复核	He pressed the pedal to stop.	他踩下踏板停车。
word_2f3243a179d4	gem	repair	manual-priority-review	现有中文例句、本地词条字段及人工语义复核	The jeweller found a rare gem in the box.	珠宝商在盒子里发现了一颗稀有宝石。
word_1754e4765e8d	hawk	repair	human-semantic-followup	现有完整中文例句与人工语义复核	A hawk circled overhead in the sky.	一只鹰在头顶盘旋。
word_4a0f6fad2e07	eve	repair	unfinished_example,manual-priority-review	现有中文例句、本地词条字段及人工语义复核	We had a party on New Year's Eve.	我们在除夕举办了聚会。
word_e04a2cc73e6f	brag	repair	human-semantic-followup	现有完整中文例句与人工语义复核	He bragged about his new car.	他吹嘘自己的新车。
word_a9aa09fca88e	brew	repair	space_before_punctuation	现有中文例句、本地词条字段及人工语义复核	I'll brew some coffee.	我来给大家冲些咖啡。
word_e6d7f98867b1	litter	repair	unfinished_example,space_before_punctuation	现有中文例句、本地词条字段及人工语义复核	Please put your litter in the bin.	请把垃圾扔进垃圾桶。
word_8b5d1f38bfe8	accordance	repair	unfinished_example,space_before_punctuation	现有中文例句、本地词条字段及人工语义复核	The contract was signed in accordance with the new law.	合同是按照法律签署的。
word_37972a34ae77	chill	repair	unfinished_example,space_before_punctuation	现有中文例句、本地词条字段及人工语义复核	There is a chill in the air.	空气中有一丝寒意。
word_f73927a38b74	woe	repair	space_before_punctuation	现有中文例句、本地词条字段及人工语义复核	The economic crisis brought misery.	经济危机带来了痛苦和悲哀。
word_80c18d94f2cc	sting	repair	human-semantic-followup	现有完整中文例句与人工语义复核	A bee stung him on the arm.	一只蜜蜂叮了他的手臂。
word_21371eff0c31	patiently	repair	unfinished_example,space_before_punctuation	现有中文例句、本地词条字段及人工语义复核	She waited patiently for the bus.	她耐心地等公交。
word_32d6e791977d	pod	repair	manual-priority-review	现有中文例句、本地词条字段及人工语义复核	Each coffee pod makes one cup.	每个咖啡胶囊可以冲一杯咖啡。
word_5ed429e84034	lag	repair	space_before_punctuation,manual-priority-review	现有中文例句、本地词条字段及人工语义复核	The video call began to lag.	视频通话开始出现延迟。
word_48b80c22424a	dazzling	repair	space_before_punctuation	现有中文例句、本地词条字段及人工语义复核	The dazzling sunlight made it hard.	耀眼的阳光让人看不清。
word_d4440d83d870	sprint	repair	space_before_punctuation	现有中文例句、本地词条字段及人工语义复核	He sprinted to catch.	他冲刺去赶公交车。
word_34f45adc1d25	lighten	repair	human-semantic-followup	现有完整中文例句与人工语义复核	She lightened her hair with dye.	她用染发剂使头发变浅。
word_e4532ba82ced	brutality	repair	space_before_punctuation	现有中文例句、本地词条字段及人工语义复核	The film depicts the brutality.	这部电影描绘了战争的残酷。
word_86310505fd0a	paranoid	repair	space_before_punctuation	现有中文例句、本地词条字段及人工语义复核	He became paranoid that his colleagues were spying.	他开始疑神疑鬼，觉得同事在监视他。
word_8babd4397cfc	exhale	repair	space_before_punctuation	现有中文例句、本地词条字段及人工语义复核	Please exhale slowly into.	请慢慢向袋子里呼气。
word_079309bf819b	reunite	repair	space_before_punctuation	现有中文例句、本地词条字段及人工语义复核	The family was finally reunited after.	战后这个家庭终于团聚了。
word_dcb4148273d3	chuck	repair	space_before_punctuation	现有中文例句、本地词条字段及人工语义复核	He chucked the old papers into.	他把旧报纸扔进了垃圾桶。
word_a334dd65e7f1	preoccupy	repair	space_before_punctuation	现有中文例句、本地词条字段及人工语义复核	Work problems preoccupy his mind.	工作问题整天占据他的思绪。
word_92620ad35193	thought	repair	space_before_punctuation	现有中文例句、本地词条字段及人工语义复核	I thought about the problem.	我一整天都在思考那个问题。
word_a29d66dcc711	concerning	repair	space_before_punctuation	现有中文例句、本地词条字段及人工语义复核	Please send any questions concerning the report.	请将有关报告的任何问题发送给我。
word_938032bf7e4b	trading	repair	space_before_punctuation	现有中文例句、本地词条字段及人工语义复核	The trading floor was busy.	交易大厅一整天都很繁忙。
word_b27bbc50769f	chopped	repair	human-semantic-followup	现有完整中文例句与人工语义复核	Add the chopped onions to the pan.	将切碎的洋葱放入锅中。
word_ef3414cc4dba	pram	repair	space_before_punctuation	现有中文例句、本地词条字段及人工语义复核	The mother carefully folded the pram before boarding.	母亲在上车前小心地把婴儿车折叠起来。
word_49abeea89e44	unidentified	repair	human-semantic-followup	现有完整中文例句与人工语义复核	An unidentified object was spotted in the sky.	天空中发现了不明物体。
word_7c6cf214b929	inclined	repair	human-semantic-followup	现有完整中文例句与人工语义复核	I am inclined to agree with your view.	我倾向于同意你的看法。
word_d4a7a5effdb4	reasoning	repair	space_before_punctuation	现有中文例句、本地词条字段及人工语义复核	Your reasoning does not make sense.	你的推理对我来说没有意义。
word_417845389612	failed	repair	space_before_punctuation	现有中文例句、本地词条字段及人工语义复核	The failed experiment taught us.	这个失败的实验教会了我们很多。
word_02a53b679012	steering	repair	unfinished_example,space_before_punctuation	现有中文例句、本地词条字段及人工语义复核	The steering wheel is on the left side of the car.	方向盘在汽车的左侧。
word_2e91e11d4baa	outraged	repair	human-semantic-followup	现有完整中文例句与人工语义复核	The citizens were outraged by the new tax.	市民们对新税收感到愤怒。
word_e41e9960179b	filling	repair	space_before_punctuation	现有中文例句、本地词条字段及人工语义复核	I prefer sandwich fillings like cheese.	我喜欢奶酪和火腿这样的三明治馅料。
word_259bbdc209bf	called	repair	unfinished_example	现有中文例句、本地词条字段及人工语义复核	The restaurant is called 'The Golden Dragon'.	那家餐馆叫做‘金龙’。
word_f4cb82e04db8	ran	repair	space_before_punctuation	现有中文例句、本地词条字段及人工语义复核	She ran to catch.	她跑着去赶公交车。
word_7dea41d50533	held	repair	space_before_punctuation	现有中文例句、本地词条字段及人工语义复核	He held the door.	他为她扶着门。
word_1d76adf4c650	bones	repair	human-semantic-followup	现有完整中文例句与人工语义复核	He broke two bones in his arm.	他手臂上断了两根骨头。
word_3c516f7639de	wanted	repair	human-semantic-followup	现有完整中文例句与人工语义复核	I wanted to buy a new car.	我想买一辆新车。
word_c468ea41f289	feet	repair	space_before_punctuation	现有中文例句、本地词条字段及人工语义复核	My feet hurt after walking.	走了一整天,我的脚很疼。
word_daa3b560ea5e	grew	repair	unfinished_example,space_before_punctuation	现有中文例句、本地词条字段及人工语义复核	The plant grew quickly in the sun.	植物在阳光下生长得很快。
word_a8dec811f565	rushed	repair	space_before_punctuation	现有中文例句、本地词条字段及人工语义复核	We rushed to catch.	我们匆忙赶上了公交车。
word_c087aa922afa	meant	repair	space_before_punctuation	现有中文例句、本地词条字段及人工语义复核	What he said meant a lot.	他说的话对我来说意义重大。
word_301994b59ab9	citizens	repair	space_before_punctuation	现有中文例句、本地词条字段及人工语义复核	All citizens must obey.	所有公民都必须遵守法律。
word_14ceda80ca4e	ohio	repair	unfinished_example,space_before_punctuation	现有中文例句、本地词条字段及人工语义复核	She moved to Ohio for a job.	她搬到俄亥俄州找了一份新工作。
word_cd0442026533	becoming	repair	space_before_punctuation	现有中文例句、本地词条字段及人工语义复核	That dress is very becoming.	那条裙子你穿非常合身。
word_724342e02604	teeth	repair	space_before_punctuation	现有中文例句、本地词条字段及人工语义复核	You should brush your teeth twice.	你应该每天刷两次牙。
word_7bdea63d3bd9	refused	repair	unfinished_example,space_before_punctuation	现有中文例句、本地词条字段及人工语义复核	He refused the job offer because of the job.	他因为薪水低拒绝了那份工作邀请。
word_077241c16ed6	agreed	repair	space_before_punctuation	现有中文例句、本地词条字段及人工语义复核	They agreed to meet at 5.	他们同意下午5点见面。
word_dc4866b6dafa	masses	repair	unfinished_example,space_before_punctuation	现有中文例句、本地词条字段及人工语义复核	The masses protested against the new law.	群众抗议新法律。
word_dc2d283a73c1	legislatures	repair	unfinished_example,space_before_punctuation	现有中文例句、本地词条字段及人工语义复核	Many legislatures are debating the new law.	许多立法机关正在辩论这项新法律。
word_da8e1ed1205b	returning	repair	space_before_punctuation	现有中文例句、本地词条字段及人工语义复核	Returning the book late incurs.	晚还书会收取费用。
word_f0b24050608d	wishing	repair	unfinished_example,space_before_punctuation	现有中文例句、本地词条字段及人工语义复核	I am wishing you all the best for your application.	我祝愿你在新工作中一切顺利。
word_67d87ecb03d9	lords	repair	unfinished_example,space_before_punctuation	现有中文例句、本地词条字段及人工语义复核	The lords gathered in the parliament to debate the new law.	勋爵们聚集在议会辩论新法律。
word_e1fa79362376	backgrounder	repair	unfinished_example,space_before_punctuation	现有中文例句、本地词条字段及人工语义复核	The government released a backgrounder on the new law.	政府发布了关于新法律的背景简报。
word_4fca57642ade	hyphen	repair	unfinished_example	现有中文例句、本地词条字段及人工语义复核	Don't forget to use a hyphen when writing compound words like 'well-known'.	写复合词如'well-known'时别忘了用连字符。
word_ad5015a06d2a	pitchman	repair	space_before_punctuation	现有中文例句、本地词条字段及人工语义复核	The pitchman demonstrated the kitchen gadget.	推销员在电视上演示了厨房小工具。
word_4a316043bcec	unusable	repair	space_before_punctuation	现有中文例句、本地词条字段及人工语义复核	The printer is unusable because it is out.	这台打印机无法使用,因为没墨了。
word_94af67700f69	crescent	repair	human-semantic-followup	现有完整中文例句与人工语义复核	A crescent moon hung in the sky.	一弯新月挂在天空。
word_2ea802eeb448	ascend	repair	space_before_punctuation	现有中文例句、本地词条字段及人工语义复核	We watched the hot air balloon ascend into.	我们看着热气球升上天空。
word_1552f59d213e	hospitable	repair	space_before_punctuation	现有中文例句、本地词条字段及人工语义复核	The locals were very hospitable.	当地人对我们非常热情好客。
word_4376b763ecd5	infringe	repair	space_before_punctuation	现有中文例句、本地词条字段及人工语义复核	Using a trademark without permission infringes.	未经许可使用商标是侵犯法律的行为。
word_e53bc4718a68	ethoxyethane	repair	unfinished_example,space_before_punctuation	现有中文例句、本地词条字段及人工语义复核	Ethoxyethane is a common solvent in the laboratory.	乙醚是实验室中的常见溶剂。
word_394568bd2908	shopwindow	repair	space_before_punctuation	现有中文例句、本地词条字段及人工语义复核	The mannequin in the shopwindow caught.	商店橱窗里的模特吸引了她的目光。
word_556d4348368a	abash	repair	human-semantic-followup	现有完整中文例句与人工语义复核	The compliment did not abash her at all.	这句夸奖完全没有让她感到难为情。
word_cf394df427ab	abstruse	repair	space_before_punctuation	现有中文例句、本地词条字段及人工语义复核	The professor's lecture on quantum theory was too abstruse.	教授关于量子理论的讲座对我来说太深奥了。
word_4c8da3776672	acclimate	repair	unfinished_example,space_before_punctuation	现有中文例句、本地词条字段及人工语义复核	It takes time to acclimate to a job.	适应新工作需要时间。
word_9bd88275e46b	adrift	repair	space_before_punctuation	现有中文例句、本地词条字段及人工语义复核	He felt adrift after losing.	他失业后感到漂泊无依。
word_gt10500_09910	electrician	repair	generic_example_cn	现有中文例句、本地词条字段及人工语义复核	The landlord sent an electrician to fix the wiring.	房东派了一名电工来修理线路。
word_gt10500_09911	workload	repair	generic_example_cn	现有中文例句、本地词条字段及人工语义复核	Due to the new project, my workload has doubled this month, and I need to work overtime.	由于新项目，我这个月的工作量翻了一番，需要加班。
word_gt10500_09912	overdraft	repair	generic_example_cn	现有中文例句、本地词条字段及人工语义复核	My bank approved a $500 overdraft facility for my current account to cover unexpected expenses.	银行批准了我活期账户500美元的透支额度，以支付意外开支。
word_gt10500_09913	unsatisfactory	repair	generic_example_cn	现有中文例句、本地词条字段及人工语义复核	The repair was unsatisfactory, so I requested a refund.	维修结果不能令人满意，所以我要求退款。
word_gt10500_09914	rectify	repair	generic_example_cn	现有中文例句、本地词条字段及人工语义复核	I am writing to request that you rectify the billing error in my latest invoice as soon as possible.	我写信请求你们尽快纠正最新发票中的账单错误。
word_gt10500_09915	tenancy	repair	generic_example_cn	现有中文例句、本地词条字段及人工语义复核	The tenancy agreement states that we must give two months' notice before moving.	租赁协议规定，我们搬走前必须提前两个月通知。
word_gt10500_09916	boiler	repair	generic_example_cn,manual-priority-review	现有中文例句、本地词条字段及人工语义复核	The boiler broke down last winter, so the landlord replaced it.	锅炉去年冬天坏了，因此房东更换了它。
word_gt10500_09917	redundancy	repair	generic_example_cn	现有中文例句、本地词条字段及人工语义复核	After the company announced redundancies, many employees started looking for new jobs.	公司宣布裁员后，许多员工开始寻找新工作。
word_gt10500_09920	verification	repair	generic_example_cn	现有中文例句、本地词条字段及人工语义复核	Identity verification takes two working days.	身份核验需要两个工作日。
word_gt10500_09921	rota	repair	generic_example_cn	现有中文例句、本地词条字段及人工语义复核	I prefer the early shift on the rota, but my colleague wants to swap.	我更喜欢值班表上的早班，但同事想和我换班。
word_gt10500_09922	arrears	repair	generic_example_cn	现有中文例句、本地词条字段及人工语义复核	If you fail to pay rent for three months, you will be in arrears and risk eviction.	如果连续三个月不交房租，你将拖欠租金并面临被驱逐的风险。
word_gt10500_09923	clarification	repair	generic_example_cn	现有中文例句、本地词条字段及人工语义复核	Could you provide clarification on the payment terms mentioned in your letter?	你能否说明信中提到的付款条款？
word_gt10500_09924	roadworks	repair	generic_example_cn	现有中文例句、本地词条字段及人工语义复核	Roadworks on the M25 caused a two-hour delay this morning.	M25高速公路的道路施工今天早上造成了两小时延误。
word_gt10500_09926	owing	repair	generic_example_cn	现有中文例句、本地词条字段及人工语义复核	The event was cancelled owing to bad weather.	活动因天气恶劣而取消。
word_gt10500_09927	leasehold	repair	generic_example_cn	现有中文例句、本地词条字段及人工语义复核	The flat is sold as leasehold, not freehold.	这套公寓以租赁产权出售，而不是永久产权。
word_gt10500_09928	freehold	repair	generic_example_cn	现有中文例句、本地词条字段及人工语义复核	The house is freehold, so you own both the building and the land.	这套房屋是永久产权，因此房屋和土地都归你所有。
word_gt10500_09929	mould	repair	generic_example_cn	现有中文例句、本地词条字段及人工语义复核	Black mould has appeared on the bathroom ceiling, and the landlord must arrange for its removal.	浴室天花板出现了黑霉，房东必须安排清除。
word_gt10500_09930	eviction	repair	generic_example_cn	现有中文例句、本地词条字段及人工语义复核	Eviction can follow repeated late rent payments.	多次迟交房租可能导致被驱逐。
word_gt10500_09931	groundwork	repair	generic_example_cn	现有中文例句、本地词条字段及人工语义复核	Groundwork for the extension starts on Monday.	扩建工程的基础施工星期一开始。
word_gt10500_09932	refurbish	repair	generic_example_cn	现有中文例句、本地词条字段及人工语义复核	The council decided to refurbish the community center to make it more energy-efficient.	市政委员会决定翻新社区中心，提高其能源效率。
word_gt10500_09934	paternity	repair	generic_example_cn	现有中文例句、本地词条字段及人工语义复核	He applied for two weeks of paternity leave.	他申请了两周陪产假。
word_gt10500_09935	sicknote	repair	generic_example_cn	现有中文例句、本地词条字段及人工语义复核	Upload your sicknote within three days.	请在三天内上传病假条。
word_gt10500_09936	standingorder	repair	generic_example_cn	现有中文例句、本地词条字段及人工语义复核	Rent is paid by standing order on the first.	房租通过定期转账在每月一日支付。
word_gt10500_09937	directdebit	repair	generic_example_cn	现有中文例句、本地词条字段及人工语义复核	Set up a direct debit for the gym membership.	请为健身房会员费设置直接借记。
word_gt10500_09942	follow-up	repair	generic_example_cn	现有中文例句、本地词条字段及人工语义复核	A follow-up email will confirm the booking.	后续电子邮件将确认预订。
word_gt10500_09943	notwithstanding	repair	generic_example_cn	现有中文例句、本地词条字段及人工语义复核	Notwithstanding the delay, the event went ahead.	尽管有所延误，活动仍按计划举行。
word_gt10500_09944	henceforth	repair	generic_example_cn	现有中文例句、本地词条字段及人工语义复核	Henceforth, bookings must be made online.	今后必须在网上预订。
word_gt10500_09946	rationing	repair	space_before_punctuation	现有中文例句、本地词条字段及人工语义复核	During the drought, the government introduced water rationing, limiting each household to 100 liters.	干旱期间政府实行了用水配给，每户每天限量100升。
word_gt10500_10001	nameplate	repair	unfinished_example	现有中文例句、本地词条字段及人工语义复核	The nameplate on the office door read 'Dr. Smith, Dentist'.	办公室门上的门牌写着‘史密斯医生，牙医’。
word_gt10500_10008	cutoff	repair	space_before_punctuation	现有中文例句、本地词条字段及人工语义复核	The bank's cutoff for same-day transfers is 3.	银行的当日转账截止时间是下午3点。
word_gt10500_10015	caravan	repair	space_before_punctuation	现有中文例句、本地词条字段及人工语义复核	We rented a caravan and spent the weekend by the seaside, cooking and sleeping.	我们租了一辆旅行拖车，在海边度过周末，在里面做饭睡觉。
word_gt10500_10048	outnumber	repair	space_before_punctuation	现有中文例句、本地词条字段及人工语义复核	In our English class, international students outnumber locals two.	在我们的英语课上，国际学生以二比一的数量超过本地学生。
word_gt10500_10050	payload	repair	obvious_translation_mismatch,number_mismatch,manual-priority-review	现有中文例句、本地词条字段及人工语义复核	The truck's payload capacity is 10 tons, suitable for heavy cargo transport.	这辆卡车的有效载荷为10吨，适合运输重型货物。
word_gt10500_10053	dayshift	repair	space_before_punctuation	现有中文例句、本地词条字段及人工语义复核	I work the dayshift from 8 a.m. to 4.	我上白班，从早上8点到下午4点。
word_gt10500_10092	subdirectory	repair	unfinished_example	现有中文例句、本地词条字段及人工语义复核	I saved the work file in a subdirectory named 'Projects'.	我把工作文件保存在名为“项目”的子目录里。
word_gt10500_10097	flexitime	repair	space_before_punctuation	现有中文例句、本地词条字段及人工语义复核	Our company offers flexitime, so I can start at 7 a.m. and leave at 3.	我们公司提供弹性工作时间，所以我可以早上7点上班，下午3点下班。
word_gt10500_10102	penaltyclause	repair	space_before_punctuation	现有中文例句、本地词条字段及人工语义复核	The lease includes a penalty clause for late rent payments of $50.	租赁合同中包含逾期支付租金的惩罚条款，每天50美元。
word_gt10500_10122	tramcar	repair	space_before_punctuation	现有中文例句、本地词条字段及人工语义复核	I take the tramcar to work every morning because it's cheaper than.	我每天早上乘有轨电车上班，因为它比公交车便宜。
word_gt10500_10161	drycleaner	repair	unfinished_example	现有中文例句、本地词条字段及人工语义复核	I took my wool coat to the drycleaner because the label says 'dry clean only'.	我把羊毛大衣拿到干洗店，因为标签上写着‘仅限干洗’。
word_gt10500_10163	triplicate	repair	space_before_punctuation	现有中文例句、本地词条字段及人工语义复核	The bank requires the application form to be submitted in triplicate: two copies for them and one.	银行要求申请表一式三份提交：两份给他们，一份给你。
word_gt10500_10177	porridge	repair	space_before_punctuation	现有中文例句、本地词条字段及人工语义复核	In winter, I prefer warm porridge with honey and nuts to start.	冬天，我喜欢以加蜂蜜和坚果的热粥开始新的一天。
word_gt10500_10205	weekendshift	repair	space_before_punctuation	现有中文例句、本地词条字段及人工语义复核	The weekendshift pays extra, so many employees volunteer.	周末班工资更高，所以很多员工自愿报名。
word_gt10500_10332	prefecture	repair	unfinished_example,space_before_punctuation	现有中文例句、本地词条字段及人工语义复核	I will be moving to Osaka prefecture next month for a job.	下个月我将搬到大阪府开始新工作。
word_gt10500_10339	janitor	repair	space_before_punctuation,obvious_translation_mismatch,manual-priority-review	现有中文例句、本地词条字段及人工语义复核	The janitor cleans the office after everyone leaves.	所有人离开后，管理员会打扫办公室。
word_gt10500_10394	deodorant	repair	unfinished_example,space_before_punctuation	现有中文例句、本地词条字段及人工语义复核	I bought a travel-size deodorant for my bag.	我忘了往健身包里放除臭剂。
word_gt10500_10438	headlamp	repair	human-semantic-followup	现有完整中文例句与人工语义复核	The car's headlamp needs replacing because it is broken.	汽车前灯坏了，需要更换。
word_gt10500_10455	imprint	repair	human-semantic-followup	现有完整中文例句与人工语义复核	The seal left an imprint of the company logo on the wax.	印章在蜡上留下了公司标志的印记。
word_gt10500_10459	injector	repair	human-semantic-followup	现有完整中文例句与人工语义复核	The vet used a special injector to administer the vaccine to the dog.	兽医用了专用注射器给狗注射疫苗。
word_gt10500_10466	judiciary	repair	space_before_punctuation	现有中文例句、本地词条字段及人工语义复核	The judiciary ensures that everyone is treated fairly under.	司法系统确保每个人在法律面前都得到公平对待。
word_gt10500_10486	mailbox	repair	unfinished_example,space_before_punctuation	现有中文例句、本地词条字段及人工语义复核	Our mailbox was damaged by the storm, so we need to install a bag.	今天早上我在邮箱里发现了一个没有邮票的包裹。
word_listening1179_1953403821cf	sleeplessness	repair	space_before_punctuation	现有中文例句、本地词条字段及人工语义复核	Sleeplessness can affect your concentration during.	失眠会影响白天的注意力。
word_listening1179_f5c46d70e8a3	greasy	repair	space_before_punctuation	现有中文例句、本地词条字段及人工语义复核	The mechanic's hands were greasy after fixing.	修理工修车后双手油腻。
word_listening1179_154605f08848	skylight	repair	space_before_punctuation	现有中文例句、本地词条字段及人工语义复核	The skylight lets in natural light during.	天窗在白天引入自然光。
word_listening1179_d115d52fc87b	promenade	repair	human-semantic-followup	现有完整中文例句与人工语义复核	We walked along the promenade by the sea.	我们沿着海滨步行道散步。
word_listening1179_6c5bcc35ba84	grieve	repair	human-semantic-followup	现有完整中文例句与人工语义复核	She took time to grieve after the loss of her pet.	失去宠物后，她花了一段时间来悲伤。
word_listening1179_312a55cc563f	entice	repair	space_before_punctuation	现有中文例句、本地词条字段及人工语义复核	The special offer might entice customers.	特价优惠可能会吸引顾客购买。
word_listening1179_e2ca649381f8	awning	repair	unfinished_example,space_before_punctuation	现有中文例句、本地词条字段及人工语义复核	We sat under the awning to stay out of the sun.	我们坐在遮阳篷下躲避阳光。
word_listening1179_611100300c8f	blinds	repair	space_before_punctuation	现有中文例句、本地词条字段及人工语义复核	Please close the blinds to block out.	请关上百叶窗遮挡阳光。
word_listening1179_b408b2042c56	earbud	repair	unfinished_example,space_before_punctuation	现有中文例句、本地词条字段及人工语义复核	I use earbuds to listen to music on the bus.	我在公交车上使用入耳式耳机听音乐。
word_listening1179_8a4212d7f41c	intuitive	repair	space_before_punctuation	现有中文例句、本地词条字段及人工语义复核	The interface is very intuitive.	这个界面使用起来非常直观。
word_listening1179_bd79c94dd328	clothesline	repair	unfinished_example,space_before_punctuation	现有中文例句、本地词条字段及人工语义复核	Hang the washing on the clothesline to dry in the sun.	把洗好的衣服挂在晾衣绳上在太阳下晒干。
word_listening1179_c0f04252292d	stroller	repair	space_before_punctuation	现有中文例句、本地词条字段及人工语义复核	Please fold the stroller before boarding.	上巴士前请折叠婴儿推车。
word_listening1179_5e60ff5ac0ec	heading	repair	unfinished_example	现有中文例句、本地词条字段及人工语义复核	The heading of this section is 'Introduction'.	这一节的标题是'引言'。
word_listening1179_16f78a7d6317	username	repair	human-semantic-followup	现有完整中文例句与人工语义复核	Enter your username and password to log in.	输入你的用户名和密码登录。
word_listening1179_3bc0d44a5271	apostrophe	repair	unfinished_example	现有中文例句、本地词条字段及人工语义复核	The apostrophe is used in contractions like 'don't'.	撇号用于像'don't'这样的缩写中。
word_listening1179_bd9f38aee15d	sledge	repair	human-semantic-followup	现有完整中文例句与人工语义复核	They transported supplies by sledge across the ice.	他们用雪橇穿越冰面运送物资。
word_listening1179_cf310c20ffdf	spasm	repair	unfinished_example,space_before_punctuation	现有中文例句、本地词条字段及人工语义复核	He had a sudden muscle spasm in the leg.	他腿部突然肌肉痉挛。
word_listening1179_d234e19392c5	sinew	repair	unfinished_example,space_before_punctuation	现有中文例句、本地词条字段及人工语义复核	He pulled a sinew in the leg.	他拉伤了腿上的肌腱。
word_listening1179_52b8ead45382	sporadically	repair	space_before_punctuation	现有中文例句、本地词条字段及人工语义复核	The rain fell sporadically throughout.	全天零星地下着雨。
word_listening1179_73ee841a0017	requisite	repair	unfinished_example,space_before_punctuation	现有中文例句、本地词条字段及人工语义复核	You must have the requisite skills for the job.	你必须具备这份工作所需的技能。
word_listening1179_5251d7992361	cork	repair	human-semantic-followup	现有完整中文例句与人工语义复核	He pulled the cork out of the wine bottle with a pop.	他砰地一声拔出了酒瓶的软木塞。
word_listening1179_1d91a111ed50	headboard	repair	space_before_punctuation	现有中文例句、本地词条字段及人工语义复核	The headboard was made.	床头板是用橡木做的。
word_listening1179_412651b2944c	tollbooth	repair	space_before_punctuation	现有中文例句、本地词条字段及人工语义复核	We stopped at the tollbooth to pay.	我们在收费站停下来付款。
word_excel_ee9c1331c074	animals	repair	human-semantic-followup	现有完整中文例句与人工语义复核	The children love to see animals at the zoo.	孩子们喜欢在动物园看动物。
word_excel_07a0b0962107	references	repair	unfinished_example,space_before_punctuation	现有中文例句、本地词条字段及人工语义复核	He gave me three references for the job.	他给我提供了三封介绍信用于这份工作。
word_excel_7f14eadc8060	birds	repair	human-semantic-followup	现有完整中文例句与人工语义复核	The birds fly high in the sky.	鸟儿在天空中高飞。
word_excel_3be1d422a460	pets	repair	human-semantic-followup	现有完整中文例句与人工语义复核	My pets are a cat and a dog.	我的宠物是一只猫和一只狗。
word_excel_7a3b3573cac2	gates	repair	space_before_punctuation	现有中文例句、本地词条字段及人工语义复核	The gates open at 8.	大门早上8点开放。
word_excel_15fa97b5a488	clouds	repair	human-semantic-followup	现有完整中文例句与人工语义复核	The clouds are moving slowly across the sky.	云朵正在天空中缓慢移动。
word_excel_846d124b6785	flowers	repair	human-semantic-followup	现有完整中文例句与人工语义复核	She bought some flowers for her mother.	她为妈妈买了一些花。
word_excel_df7e865c6f57	sorting	repair	space_before_punctuation	现有中文例句、本地词条字段及人工语义复核	The sorting of books by genre makes the library easier.	按类型对书籍进行分类使图书馆更容易使用。
word_excel_f50871d14c19	positions	repair	human-semantic-followup	现有完整中文例句与人工语义复核	The positions of the trees are marked on the map.	这些树的位置在地图上标了出来。
word_excel_df384ae97c77	payments	repair	unfinished_example,space_before_punctuation	现有中文例句、本地词条字段及人工语义复核	He makes monthly payments for the car.	他每月支付汽车费用。
word_excel_c9b5fcdd1003	hearts	repair	human-semantic-followup	现有完整中文例句与人工语义复核	He gave her a red heart on Valentine's Day.	他在情人节送给她一颗红心。
word_excel_1e0584a25d9f	header	repair	human-semantic-followup	现有完整中文例句与人工语义复核	The header shows the page number at the top.	标头在页面顶部显示页码。
word_excel_5bc5f7d10c70	spoons	repair	unfinished_example,space_before_punctuation	现有中文例句、本地词条字段及人工语义复核	He put three spoons of sugar in the tea.	他在茶里放了三勺糖。
word_excel_9a5b19d243c3	unequal	repair	space_before_punctuation	现有中文例句、本地词条字段及人工语义复核	The two teams have unequal chances.	这两支队伍获胜的机会不平等。
word_excel_5d76e2a2f7fd	whitened	repair	unfinished_example,space_before_punctuation	现有中文例句、本地词条字段及人工语义复核	The whitened bones lay in the sun.	变白的骨头躺在阳光下。
word_excel_13d4b0ab5278	innate	repair	space_before_punctuation	现有中文例句、本地词条字段及人工语义复核	Babies have an innate ability.	婴儿生来就有哭泣的能力。
word_excel_348f71b67f2d	promoted	repair	space_before_punctuation	现有中文例句、本地词条字段及人工语义复核	The company promoted the new product.	这家公司通过电视宣传了新产品。
word_excel_ed574aa71eb8	workers	repair	space_before_punctuation	现有中文例句、本地词条字段及人工语义复核	The workers finished their shift at 6.	工人们在下午六点完成了他们的班次。
word_excel_364f583eec28	particles	repair	unfinished_example,space_before_punctuation	现有中文例句、本地词条字段及人工语义复核	The scientist studied tiny particles in the air.	科学家研究了空气中的微小粒子。
word_excel_238fa28a9497	instructions	repair	human-semantic-followup	现有完整中文例句与人工语义复核	Follow the instructions on the box.	按照盒子上的指令操作。
word_excel_29bb30173411	cot	repair	space_before_punctuation	现有中文例句、本地词条字段及人工语义复核	The baby sleeps in a cot beside.	婴儿睡在床边的婴儿床里。
word_excel_be8a8a2b7448	qualifications	repair	unfinished_example,space_before_punctuation	现有中文例句、本地词条字段及人工语义复核	He showed his qualifications for the job.	他展示了自己胜任这份工作的资格。
word_excel_2ac123112ceb	nets	repair	unfinished_example,space_before_punctuation	现有中文例句、本地词条字段及人工语义复核	The fisherman mended his nets by the sea.	渔夫在海边修补他的网。
word_excel_557229739595	overlooking	repair	space_before_punctuation	现有中文例句、本地词条字段及人工语义复核	The hotel room is overlooking.	这间酒店房间俯瞰着大海。
word_excel_6b545062fa2d	sailors	repair	human-semantic-followup	现有完整中文例句与人工语义复核	The sailors sailed the boat across the sea.	水手们把船驶过了大海。
word_excel_7af0b3e47c35	variables	repair	space_before_punctuation	现有中文例句、本地词条字段及人工语义复核	The equation has two variables, x.	这个方程有两个变量，x 和 y。
word_excel_5dd40cfcfbba	travellers	repair	unfinished_example	现有中文例句、本地词条字段及人工语义复核	Travellers carry maps to find their destination.	旅行者带着地图找路。
word_excel_5afc47efb471	falcons	repair	human-semantic-followup	现有完整中文例句与人工语义复核	Falcons fly high in the sky.	猎鹰在天空中高飞。
word_excel_d33ed261e8aa	revolves	repair	space_before_punctuation	现有中文例句、本地词条字段及人工语义复核	The Earth revolves around.	地球围绕太阳旋转。
word_excel_3031be2980f2	counterparts	repair	unfinished_example,space_before_punctuation	现有中文例句、本地词条字段及人工语义复核	The Chinese version has counterparts in the United States.	中文版本在美国有对应物。
word_excel_6c1aa50442a9	replaced	repair	human-semantic-followup	现有完整中文例句与人工语义复核	The old phone was replaced by a new one.	旧手机被新手机代替了。
word_excel_aa463bda3b05	melting	repair	unfinished_example,space_before_punctuation	现有中文例句、本地词条字段及人工语义复核	The ice is melting in the sun.	冰在阳光下融化。
word_excel_f146172c0036	meals	repair	space_before_punctuation	现有中文例句、本地词条字段及人工语义复核	We eat three meals.	我们一天吃三餐。
word_excel_0e714fd92f75	tides	repair	space_before_punctuation	现有中文例句、本地词条字段及人工语义复核	The tides rise and fall twice.	潮汐每天涨落两次。
word_excel_728700537c00	reminding	repair	space_before_punctuation	现有中文例句、本地词条字段及人工语义复核	She is reminding him to call.	她正在提醒他给妈妈打电话。
word_excel_cb9e4598c678	instinctive	repair	space_before_punctuation	现有中文例句、本地词条字段及人工语义复核	The cat made an instinctive jump to avoid.	猫本能地跳开以躲避狗。
word_excel_813cf1ca6462	dynasty	repair	space_before_punctuation	现有中文例句、本地词条字段及人工语义复核	The Tang dynasty was famous for its poetry.	唐朝以诗歌和艺术而闻名。
word_excel_0791d7813900	camps	repair	unfinished_example,space_before_punctuation	现有中文例句、本地词条字段及人工语义复核	The two camps argued loudly about the new law.	两个阵营就新法律激烈争论。
word_excel_79c6702755c6	hardy	repair	space_before_punctuation	现有中文例句、本地词条字段及人工语义复核	He is a hardy farmer who works in the field.	他是一个能吃苦耐劳的农民，整天在田里干活。
word_excel_62b8fea85bcf	isles	repair	human-semantic-followup	现有完整中文例句与人工语义复核	The misty isles lie far out in the sea.	那朦胧的岛屿位于大海深处。
word_excel_3a5ec876512e	haunting	repair	space_before_punctuation	现有中文例句、本地词条字段及人工语义复核	The haunting melody stayed in my mind.	那萦绕心头的旋律在我脑海中盘旋了一整天。
word_excel_c6c331958744	injected	repair	space_before_punctuation	现有中文例句、本地词条字段及人工语义复核	The nurse injected medicine into.	护士给他手臂注射了药物。
word_excel_10c3a47df608	navigators	repair	unfinished_example	现有中文例句、本地词条字段及人工语义复核	The navigators used stars to find their destination.	航海者用星星来确定方向。
word_excel_22a6789f2fa7	spooned	repair	space_before_punctuation	现有中文例句、本地词条字段及人工语义复核	He spooned sugar into.	他用勺子把糖舀进茶里。
word_excel_37f89ff07ccf	overbearing	repair	space_before_punctuation	现有中文例句、本地词条字段及人工语义复核	His overbearing boss always tells him what.	他专横的老板总是告诉他该做什么。
word_excel_2a21fe6d592a	big	repair	space_before_punctuation	现有中文例句、本地词条字段及人工语义复核	He is a big.	他现在是个大男孩了。
word_excel_54f59770fe61	fungi	repair	space_before_punctuation	现有中文例句、本地词条字段及人工语义复核	The bread has fungi growing.	面包上长了霉菌。
word_excel_ba11bd90a30b	supersede	repair	unfinished_example,space_before_punctuation	现有中文例句、本地词条字段及人工语义复核	The new law will supersede the new law.	新法律将取代旧法律。
word_excel_03eebe667e1f	paralyse	repair	space_before_punctuation	现有中文例句、本地词条字段及人工语义复核	The snake bite paralyse.	蛇咬使他的手臂麻痹。
word_excel_cd1dcf6cff0f	unduly	repair	unfinished_example,space_before_punctuation	现有中文例句、本地词条字段及人工语义复核	He was unduly harsh on the son.	他对儿子过于严厉。
word_excel_a744d93f2c6e	plymouth	repair	space_before_punctuation	现有中文例句、本地词条字段及人工语义复核	He lives in Plymouth near.	他住在靠近海边的普利茅斯。
word_excel_5633c9b8af6d	octopus	repair	human-semantic-followup	现有完整中文例句与人工语义复核	The octopus swims quickly in the sea.	章鱼在海里游得很快。
word_excel_2379423ab101	domineering	repair	space_before_punctuation	现有中文例句、本地词条字段及人工语义复核	The domineering boss always tells others what.	这位专横的老板总是告诉别人该做什么。
word_excel_c7a7af686a52	resplendently	repair	space_before_punctuation	现有中文例句、本地词条字段及人工语义复核	The sun shone resplendently over.	太阳耀眼地照耀在海面上。
word_excel_9a82cf445792	smelting	repair	human-semantic-followup	现有完整中文例句与人工语义复核	The factory uses smelting to extract metal from ore.	工厂使用熔炼从矿石中提取金属。
word_excel_48bff9867f00	unthinkable	repair	unfinished_example,space_before_punctuation	现有中文例句、本地词条字段及人工语义复核	It is unthinkable to leave a child alone in the car.	把孩子单独留在车里是难以想象的。
word_excel_d3c99f948973	tantalising	repair	space_before_punctuation	现有中文例句、本地词条字段及人工语义复核	The tantalising smell of fresh bread made her desperate.	新鲜面包诱人的香味让她急不可耐。
word_excel_1923333d8c90	niggle	repair	space_before_punctuation	现有中文例句、本地词条字段及人工语义复核	He made a niggle about the coffee being.	他抱怨咖啡太烫了。
word_excel_1b16b1df538b	n	repair	space_before_punctuation	现有中文例句、本地词条字段及人工语义复核	Nitrogen is a gas, and its symbol.	氮是一种气体，它的符号是n。
word_excel_e6177dca7ab6	megafauna	repair	unfinished_example,space_before_punctuation	现有中文例句、本地词条字段及人工语义复核	The ancient megafauna lived in the coast.	古代的巨型动物生活在冰河时代。
word_excel_ad418e525189	earworms	repair	space_before_punctuation	现有中文例句、本地词条字段及人工语义复核	That pop song became an earworm and played in my head.	那首流行歌曲成了耳虫，一整天在我脑海中回响。
word_excel_b4a4d44648cd	indicates	repair	space_before_punctuation	现有中文例句、本地词条字段及人工语义复核	The red light indicates that the machine.	红灯表明机器正在运行。
word_excel_eb2bf38bf7cc	biorobotics	repair	unfinished_example,space_before_punctuation	现有中文例句、本地词条字段及人工语义复核	He is researching biorobotics at the laboratory.	他正在实验室研究生物机器人学。
word_excel_4aae715e4fb9	neff	delete	source-noise	未在本地剑雅G类10-21语料中发现；释义eff无中文且不具通用学习价值		
word_excel_e3f80578c2b2	navigational	repair	space_before_punctuation	现有中文例句、本地词条字段及人工语义复核	The ship uses navigational tools to find.	这艘船使用航行工具来确定方向。
word_excel_c68943be5eee	montana	repair	human-semantic-followup	现有完整中文例句与人工语义复核	He lives in Montana with his dog.	他和狗住在蒙大拿。
word_excel_f1af8d890750	churchill	repair	space_before_punctuation	现有中文例句、本地词条字段及人工语义复核	Winston Churchill was a prominent British statesman during World.	温斯顿·丘吉尔是二战期间英国杰出的政治家。
word_excel_2e0b8d61fa2a	jeff	repair	human-semantic-followup	现有完整中文例句与人工语义复核	Jeff is a common name for a man.	杰夫是一个常见的男子名。
word_excel_804f51f71254	newer	repair	human-semantic-followup	现有完整中文例句与人工语义复核	This phone is newer than my old one.	这部手机比我的旧手机更新。
word_excel_6967eaa98e11	seabird	repair	human-semantic-followup	现有完整中文例句与人工语义复核	A seabird followed the boat across the bay.	一只海鸟跟着船穿过海湾。
word_excel_2c8c4f00dee0	gibson	repair	human-semantic-followup	现有完整中文例句与人工语义复核	He ordered a Gibson at the bar.	他在酒吧点了一杯吉布森。
word_excel_467ae055376b	varies	repair	human-semantic-followup	现有完整中文例句与人工语义复核	The weather varies from day to day.	天气每天都在变化。
word_excel_1bcbce780ddd	twenty-four	repair	human-semantic-followup	现有完整中文例句与人工语义复核	There are twenty-four hours in a day.	一天有二十四小时。
word_excel_ac3164d59c69	twenty-five	repair	unfinished_example,space_before_punctuation	现有中文例句、本地词条字段及人工语义复核	Twenty-five are waiting for the bus.	二十五个人在等公交车。
word_excel_1a2516bbaf9c	ninety-nine	repair	human-semantic-followup	现有完整中文例句与人工语义复核	He has ninety-nine problems, but a girl is not one of them.	他有九十九个问题，但一个女孩不是其中之一。
word_excel_3fc7c96a56b6	approx	repair	space_before_punctuation	现有中文例句、本地词条字段及人工语义复核	He arrived approx at 5.	他大约在下午五点到达。
