总序号,类别,分组,组内序号,单词/短语,音标,同替词,中文释义,来源链接
1,1,1,1,resemble,/rɪˈzemb(ə)l/,like；look like；be similar to,v.像，与……相似,https://www.guixue.com/apps/word/corpus/10176/21937/1
2,1,1,2,recognize,/ˈrekəɡnaɪz/,perceive；acknowledge；realize；appreciate；admit；identify；comprehend；understand；know,v.认出，识别；承认,https://www.guixue.com/apps/word/corpus/10176/21937/1
3,1,1,3,adjust,/əˈdʒʌst/,change；modify；shift；alter,v.调整，使适合,https://www.guixue.com/apps/word/corpus/10176/21937/1
4,1,1,4,approach,/əˈprəʊtʃ/,method；way,n.方法,https://www.guixue.com/apps/word/corpus/10176/21937/1
5,1,1,5,fundamental,/ˌfʌndəˈment(ə)l/,rudimentary；preliminary；basic,adj.基本的，基础的,https://www.guixue.com/apps/word/corpus/10176/21937/1
6,1,1,6,rely on,,depend on,依靠，依赖,https://www.guixue.com/apps/word/corpus/10176/21937/1
7,1,1,7,domestic,/dəˈmestɪk/,home；local；national,adj.家庭的；国内的,https://www.guixue.com/apps/word/corpus/10176/21937/1
8,1,1,8,measure,/ˈmeʒə(r)/,calculate；assess；evaluate,v.测量,https://www.guixue.com/apps/word/corpus/10176/21937/1
9,1,1,9,trait,/treɪt/,characteristic；feature；property,n.特性，特征,https://www.guixue.com/apps/word/corpus/10176/21937/1
10,1,1,10,coin,/kɔɪn/,first used；invent,v.创造,https://www.guixue.com/apps/word/corpus/10176/21937/1
11,1,1,11,artificial,/ˌɑːtɪˈfɪʃ(ə)l/,synthetic；man-made,adj.人造的，仿造的,https://www.guixue.com/apps/word/corpus/10176/21937/1
12,1,1,12,prompt,/prɒmpt/,initiate；immediately,v.促进，激起,https://www.guixue.com/apps/word/corpus/10176/21937/1
13,1,1,13,exchange,/ɪksˈtʃeɪndʒ/,share；apply A to B,v.交换,https://www.guixue.com/apps/word/corpus/10176/21937/1
14,1,1,14,underlie,/ˌʌndəˈlaɪ/,based on；ground；root,v.成为……基础,https://www.guixue.com/apps/word/corpus/10176/21937/1
15,1,1,15,ignore,/ɪɡˈnɔː(r)/,neglect；overlook；underestimate,v.忽视，不顾,https://www.guixue.com/apps/word/corpus/10176/21937/1
16,1,1,16,fertiliser,/ˈfɜːtəlaɪzə(r)/,chemical；toxic；unnatural,n.化肥，肥料,https://www.guixue.com/apps/word/corpus/10176/21937/1
17,1,1,17,that,/ðæt/,this；it；they；those；these；such,pron.那；那个,https://www.guixue.com/apps/word/corpus/10176/21937/1
18,1,1,18,and,/ænd; ənd/,or；as well as；both...and；not only...but also...；other than；in addition；besides；on the one hand...on the other hand...；neither...nor...,conj.和，而且,https://www.guixue.com/apps/word/corpus/10176/21937/1
19,1,1,19,rather than,,but；yet；however；whereas；nonetheless；nevertheless；although；notwithstanding；instead,而非，不是,https://www.guixue.com/apps/word/corpus/10176/21937/1
20,1,1,20,thanks to,/θæŋks tu/,stem from；derive；owing to；due to；according to；because of；on account of；as a result of；leading to；because；since；for；in that；as；therefore；hence,由于，幸亏,https://www.guixue.com/apps/word/corpus/10176/21937/1
21,2,1,1,diversity,/daɪˈvɜːsəti/,variety；difference,n. 多样性；差异,https://www.guixue.com/apps/word/corpus/10176/21939/1
22,2,1,2,detect,/dɪˈtekt/,find；look for；seek；search,v.查明，发现,https://www.guixue.com/apps/word/corpus/10176/21939/1
23,2,1,3,isolate,/ˈaɪsəleɪt/,inaccessible,"v. 使隔离, 使孤立",https://www.guixue.com/apps/word/corpus/10176/21939/1
24,2,1,4,avoid,/əˈvɔɪd/,escape；evitable,v. 避免,https://www.guixue.com/apps/word/corpus/10176/21939/1
25,2,1,5,budget,/ˈbʌdʒɪt/,fund；financial,n.预算,https://www.guixue.com/apps/word/corpus/10176/21939/1
26,2,1,6,adapt to,/əˈdæpt tu/,fit；suit,使适应,https://www.guixue.com/apps/word/corpus/10176/21939/1
27,2,1,7,alternative,/ɔːlˈtɜːnətɪv/,substitute,adj.供替代的，供选择的 n.替代品,https://www.guixue.com/apps/word/corpus/10176/21939/1
28,2,1,8,compensate,/ˈkɒmpenseɪt/,make up；offset,n.补偿，赔偿,https://www.guixue.com/apps/word/corpus/10176/21939/1
29,2,1,9,component,/kəmˈpəʊnənt/,proportion,n. 成分，要素,https://www.guixue.com/apps/word/corpus/10176/21939/1
30,2,1,10,military,/ˈmɪlətri/,weapon；army,adj.军事的,https://www.guixue.com/apps/word/corpus/10176/21939/1
31,2,1,11,criteria,/kraɪˈtɪəriə/,standard,n. 标准,https://www.guixue.com/apps/word/corpus/10176/21939/1
32,2,1,12,curriculum,/kəˈrɪkjələm/,syllabus；course of study,n. 课程,https://www.guixue.com/apps/word/corpus/10176/21939/1
33,2,1,13,feasible,/ˈfiːzəb(ə)l/,realistic；viable,adj.可行的,https://www.guixue.com/apps/word/corpus/10176/21939/1
34,2,1,14,constrain,/kənˈstreɪn/,stop；control,v. 束缚，限制,https://www.guixue.com/apps/word/corpus/10176/21939/1
35,2,1,15,deficiency,/dɪˈfɪʃ(ə)nsi/,shortage；defect；weakness,n. 缺陷，缺点,https://www.guixue.com/apps/word/corpus/10176/21939/1
36,2,1,16,supplement,/ˈsʌplɪmənt/,provision,v.补充,https://www.guixue.com/apps/word/corpus/10176/21939/1
37,2,1,17,distinguish,/dɪˈstɪŋɡwɪʃ/,separate；differentiate,v.区别，辨别,https://www.guixue.com/apps/word/corpus/10176/21939/1
38,2,1,18,analyze,/ˈænəlaɪz/,examine；diagnose,v.分析，解释,https://www.guixue.com/apps/word/corpus/10176/21939/1
39,2,1,19,emphasize,/ˈemfəsaɪz/,focus on；stress,v.强调，着重,https://www.guixue.com/apps/word/corpus/10176/21939/1
40,2,1,20,enormous,/ɪˈnɔːməs/,massive；large,adj.庞大的，巨大的,https://www.guixue.com/apps/word/corpus/10176/21939/1
41,2,1,21,imitate,/ˈɪmɪteɪt/,mimic；copy,v.模仿,https://www.guixue.com/apps/word/corpus/10176/21939/1
42,2,1,22,impair,/ɪmˈpeə(r)/,damage；diminish；decrease,v. 削弱，减少,https://www.guixue.com/apps/word/corpus/10176/21939/1
43,2,1,23,hinder,/ˈhɪndə(r)/,impede；prevent；deter；obstacle,v. 阻碍,https://www.guixue.com/apps/word/corpus/10176/21939/1
44,2,1,24,legitimate,/lɪˈdʒɪtɪmət/,legal,adj. 合法的,https://www.guixue.com/apps/word/corpus/10176/21939/1
45,2,1,25,limitation,/ˌlɪmɪˈteɪʃ(ə)n/,restriction,n.限制,https://www.guixue.com/apps/word/corpus/10176/21939/1
46,2,1,26,convention,/kənˈvenʃ(ə)n/,method；tradition,n.手法；习俗,https://www.guixue.com/apps/word/corpus/10176/21939/1
47,2,1,27,demanding,/dɪˈmɑːndɪŋ/,troublesome,adj.苛求的,https://www.guixue.com/apps/word/corpus/10176/21939/1
48,2,1,28,determine,/dɪˈtɜːmɪn/,decide,v.决定,https://www.guixue.com/apps/word/corpus/10176/21939/1
49,2,1,29,accelerate,/əkˈseləreɪt/,speed up,v.加速，促进；强调,https://www.guixue.com/apps/word/corpus/10176/21939/1
50,2,1,30,ancient,/ˈeɪnʃənt/,aged；old,adj.古代的；古老的,https://www.guixue.com/apps/word/corpus/10176/21939/1
51,2,1,31,beneficial,/ˌbenɪˈfɪʃ(ə)l/,helpful；advantageous；wholesome,adj.有益的,https://www.guixue.com/apps/word/corpus/10176/21939/1
52,2,1,32,chronic,/ˈkrɒnɪk/,lasting,adj. 慢性的，长期性的,https://www.guixue.com/apps/word/corpus/10176/21939/1
53,2,1,33,conscious,/ˈkɒnʃəs/,aware；knowing,adj.有意识的，神志清醒的,https://www.guixue.com/apps/word/corpus/10176/21939/1
54,2,1,34,minimize,/ˈmɪnɪmaɪz/,reduce；lessen,v. 最小化，使……减少到最少,https://www.guixue.com/apps/word/corpus/10176/21939/1
55,2,1,35,immunity,/ɪˈmjuːnəti/,resistance,n. 免疫力,https://www.guixue.com/apps/word/corpus/10176/21939/1
56,2,1,36,imperative,/ɪmˈperətɪv/,,adj. 必要的， 紧急的,https://www.guixue.com/apps/word/corpus/10176/21939/1
57,2,1,37,secrete,/sɪˈkriːt/,discharge；exude,v. 分泌,https://www.guixue.com/apps/word/corpus/10176/21939/1
58,2,1,38,exaggerate,/ɪɡˈzædʒəreɪt/,overstate,v.夸大，夸张,https://www.guixue.com/apps/word/corpus/10176/21939/1
59,2,1,39,transmit,/trænzˈmɪt/,pass；send；transfer,v.传达，传输,https://www.guixue.com/apps/word/corpus/10176/21939/1
60,2,1,40,extinct,/ɪkˈstɪŋkt/,die out；lost,v.灭绝,https://www.guixue.com/apps/word/corpus/10176/21939/1
61,2,1,41,exclusive,/ɪkˈskluːsɪv/,only,adj.独有的；排外 的；专一的,https://www.guixue.com/apps/word/corpus/10176/21939/1
62,2,1,42,guarantee,/ˌɡærənˈtiː/,assure,v.保证，担保,https://www.guixue.com/apps/word/corpus/10176/21939/1
63,2,1,43,inherit,/ɪnˈherɪt/,receive,v.继承,https://www.guixue.com/apps/word/corpus/10176/21939/1
64,2,1,44,witness,/ˈwɪtnəs/,view；see,n.见证，证据；目击者,https://www.guixue.com/apps/word/corpus/10176/21939/1
65,2,1,45,magnetic,/mæɡˈnetɪk/,attractive,adj.有磁性的,https://www.guixue.com/apps/word/corpus/10176/21939/1
66,2,1,46,loss,/lɒs/,waste；gone,n.减少；亏损；失败；遗失,https://www.guixue.com/apps/word/corpus/10176/21939/1
67,2,1,47,option,/ˈɒpʃ(ə)n/,choice,n.选择,https://www.guixue.com/apps/word/corpus/10176/21939/1
68,2,1,48,prefer to,,rather,更喜欢,https://www.guixue.com/apps/word/corpus/10176/21939/1
69,2,1,49,priority,/praɪˈɒrətɪ/,preference；preferential,n.优先权,https://www.guixue.com/apps/word/corpus/10176/21939/1
70,2,1,50,primary,/ˈpraɪməri/,principal；main,adj.主要的,https://www.guixue.com/apps/word/corpus/10176/21939/1
71,2,2,1,principle,/ˈprɪnsəp(ə)l/,rule,n.原理,https://www.guixue.com/apps/word/corpus/10176/21940/1
72,2,2,2,potential,/pəˈtenʃ(ə)l/,possibility,n. 潜能 adj.潜在的,https://www.guixue.com/apps/word/corpus/10176/21940/1
73,2,2,3,quantity,/ˈkwɒntətɪ/,number,n.量，数量,https://www.guixue.com/apps/word/corpus/10176/21940/1
74,2,2,4,settle,/ˈset(ə)l/,fix；figure out,v.解决；定居，稳定,https://www.guixue.com/apps/word/corpus/10176/21940/1
75,2,2,5,sophisticate,/səˈfɪstɪkət/,complicate,v. 使复杂,https://www.guixue.com/apps/word/corpus/10176/21940/1
76,2,2,6,specific,/spəˈsɪfɪk/,detailed；particular,adj. 明确的；特殊的,https://www.guixue.com/apps/word/corpus/10176/21940/1
77,2,2,7,survive,/səˈvaɪv/,remain,v.存活，幸存,https://www.guixue.com/apps/word/corpus/10176/21940/1
78,2,2,8,swift,/swɪft/,quick；rapid,adj.迅速的，敏捷的，立刻的,https://www.guixue.com/apps/word/corpus/10176/21940/1
79,2,2,9,unexpectedly,/ˌʌnɪkˈspektɪdli/,surprising,adv. 出乎意料地,https://www.guixue.com/apps/word/corpus/10176/21940/1
80,2,2,10,surrounding,/səˈraʊndɪŋ/,setting；environment,n.环境,https://www.guixue.com/apps/word/corpus/10176/21940/1
81,2,2,11,attempt,/əˈtempt/,try；test,n.试图， 尝试,https://www.guixue.com/apps/word/corpus/10176/21940/1
82,2,2,12,expertise,/ˌekspɜːˈtiːz/,knowledge；skill,n.专门技术,https://www.guixue.com/apps/word/corpus/10176/21940/1
83,2,2,13,faculty,/ˈfæk(ə)lti/,ability,n.能力，才能；全体教员,https://www.guixue.com/apps/word/corpus/10176/21940/1
84,2,2,14,donate,/dəʊˈneɪt/,contribute,v.捐赠,https://www.guixue.com/apps/word/corpus/10176/21940/1
85,2,2,15,dynamics,/daɪˈnæmɪks/,energy；force；move,n.动力学,https://www.guixue.com/apps/word/corpus/10176/21940/1
86,2,2,16,incentive,/ɪnˈsentɪv/,motive；stimulus,n.刺激，鼓励；动机,https://www.guixue.com/apps/word/corpus/10176/21940/1
87,2,2,17,mortality,/mɔːˈtæləti/,death,n.死亡率,https://www.guixue.com/apps/word/corpus/10176/21940/1
88,2,2,18,peripheral,/pəˈrɪfərəl/,unimportant；minor,adj. 外围的，次要的,https://www.guixue.com/apps/word/corpus/10176/21940/1
89,2,2,19,vicinity,/vəˈsɪnəti/,neighbourhood；nearby,n. 邻近，附近,https://www.guixue.com/apps/word/corpus/10176/21940/1
90,2,2,20,threaten,/ˈθret(ə)n/,endanger；jeopardize；risk；hazard,v.威胁，危及,https://www.guixue.com/apps/word/corpus/10176/21940/1
91,2,2,21,practice,/ˈpræktɪs/,method；exercise,n.实行；练习,https://www.guixue.com/apps/word/corpus/10176/21940/1
92,2,2,22,bacteria,/bækˈtɪəriə/,virus；germ；microbe,n.细菌,https://www.guixue.com/apps/word/corpus/10176/21940/1
93,2,2,23,be subject to,/bi ˈsʌbdʒɪkt tu/,face,受......支配,https://www.guixue.com/apps/word/corpus/10176/21940/1
94,2,2,24,be liable to,/bi ˈlaɪəbl tu/,potential,易于…...,https://www.guixue.com/apps/word/corpus/10176/21940/1
95,2,2,25,innate,/ɪˈneɪt/,built-in；inborn,adj.天生的；内在的，直觉的,https://www.guixue.com/apps/word/corpus/10176/21940/1
96,2,2,26,pattern,/ˈpæt(ə)n/,formation,n.模式,https://www.guixue.com/apps/word/corpus/10176/21940/1
97,2,2,27,therapy,/ˈθerəpi/,treatment,n. 治疗，理疗,https://www.guixue.com/apps/word/corpus/10176/21940/1
98,2,2,28,original,/əˈrɪdʒən(ə)l/,initial；first,adj. 原始的，最初的,https://www.guixue.com/apps/word/corpus/10176/21940/1
99,2,2,29,confidential,/ˌkɒnfɪˈdenʃ(ə)l/,undisclosed；secret；hidden,adj. 机密的，秘密的,https://www.guixue.com/apps/word/corpus/10176/21940/1
100,2,2,30,cognitive,/ˈkɒɡnətɪv/,mental,adj. 认知的,https://www.guixue.com/apps/word/corpus/10176/21940/1
101,2,2,31,comply with,/kəmˈplaɪ wɪð/,obey,照做，遵守,https://www.guixue.com/apps/word/corpus/10176/21940/1
102,2,2,32,consult,/kənˈsʌlt/,ask for advice,v. 查阅，商量，请教，咨询,https://www.guixue.com/apps/word/corpus/10176/21940/1
103,2,2,33,superior,/suːˈpɪəriə(r)/,higher；upper,adj. 上级的；优秀的,https://www.guixue.com/apps/word/corpus/10176/21940/1
104,2,2,34,co-operation,/kəʊˌɒpəˈreɪʃn/,support；work together,n. 合作，协作,https://www.guixue.com/apps/word/corpus/10176/21940/1
105,2,2,35,co-ordinate,/kəʊˈɔːdɪneɪt/,organize；harmonize,v. 使…协调,https://www.guixue.com/apps/word/corpus/10176/21940/1
106,2,2,36,differ,/ˈdɪfə(r)/,vary,v. 使......相异；使......不同,https://www.guixue.com/apps/word/corpus/10176/21940/1
107,2,2,37,cue,/kjuː/,hint；clue,n. 线索,https://www.guixue.com/apps/word/corpus/10176/21940/1
108,2,2,38,signal,/ˈsɪɡnəl/,symbol；mark；sign,n. 信号,https://www.guixue.com/apps/word/corpus/10176/21940/1
109,2,2,39,abandon,/əˈbændən/,quit；give up；forsake；derelict,v. 放弃，遗弃,https://www.guixue.com/apps/word/corpus/10176/21940/1
110,2,2,40,halt,/hɔːlt/,stop；quit,n. 停止,https://www.guixue.com/apps/word/corpus/10176/21940/1
111,2,2,41,fragile,/ˈfrædʒaɪl/,vulnerable,adj. 脆弱的,https://www.guixue.com/apps/word/corpus/10176/21940/1
112,2,2,42,retain,/rɪˈteɪn/,maintain,v. 记住,https://www.guixue.com/apps/word/corpus/10176/21940/1
113,2,2,43,vanish,/ˈvænɪʃ/,disappear,n.消失，绝迹,https://www.guixue.com/apps/word/corpus/10176/21940/1
114,2,2,44,delivery,/dɪˈlɪvərɪ/,send,n. 递送,https://www.guixue.com/apps/word/corpus/10176/21940/1
115,2,2,45,erode,/ɪˈrəʊd/,rust；damage,v. 侵蚀,https://www.guixue.com/apps/word/corpus/10176/21940/1
116,2,2,46,induce,/ɪnˈdjuːs/,cause；lead to,v. 引起，引诱,https://www.guixue.com/apps/word/corpus/10176/21940/1
117,2,2,47,stable,/ˈsteɪb(ə)l/,constant；unchanged,adj. 稳定的,https://www.guixue.com/apps/word/corpus/10176/21940/1
118,2,2,48,integrate,/ˈɪntɪɡreɪt/,combine；whole,v. 使......成整体,https://www.guixue.com/apps/word/corpus/10176/21940/1
119,2,2,49,equal,/ˈiːkwəl/,fair；even,adj. 平等的；相等的；胜任的,https://www.guixue.com/apps/word/corpus/10176/21940/1
120,2,2,50,grant,/ɡrɑːnt/,offer,v. 拨款；授予,https://www.guixue.com/apps/word/corpus/10176/21940/1
121,3,1,1,accumulate,/əˈkjuːmjəleɪt/,gather,v.积累，积聚,https://www.guixue.com/apps/word/corpus/10176/21942/1
122,3,1,2,addictive,/əˈdɪktɪv/,habit,adj. 上瘾的,https://www.guixue.com/apps/word/corpus/10176/21942/1
123,3,1,3,adversity,/ədˈvɜːsəti/,trouble,n. 逆境，不幸,https://www.guixue.com/apps/word/corpus/10176/21942/1
124,3,1,4,aggression,/əˈɡreʃ(ə)n/,attack,n. 侵犯，侵害,https://www.guixue.com/apps/word/corpus/10176/21942/1
125,3,1,5,agreeable,/əˈɡriːəb(ə)l/,pleasant,adj.令人愉快的；合适的；和蔼可亲的,https://www.guixue.com/apps/word/corpus/10176/21942/1
126,3,1,6,aid,/eɪd/,help,n.援助，帮助,https://www.guixue.com/apps/word/corpus/10176/21942/1
127,3,1,7,allergic,/əˈlɜːdʒɪk/,irritate,adj. 过敏的；对…极讨厌的,https://www.guixue.com/apps/word/corpus/10176/21942/1
128,3,1,8,altitude,/ˈæltɪtjuːd/,height,n.高度，海拔,https://www.guixue.com/apps/word/corpus/10176/21942/1
129,3,1,9,application,/ˌæplɪˈkeɪʃ(ə)n/,utilization,n.应用,https://www.guixue.com/apps/word/corpus/10176/21942/1
130,3,1,10,approve,/əˈpruːv/,agree,v.批准,https://www.guixue.com/apps/word/corpus/10176/21942/1
131,3,1,11,array,/əˈreɪ/,order,n.排列，大批,https://www.guixue.com/apps/word/corpus/10176/21942/1
132,3,1,12,assign,/əˈsaɪn/,allocate,v.分配，指派,https://www.guixue.com/apps/word/corpus/10176/21942/1
133,3,1,13,association,/əˌsəʊsiˈeɪʃn; əˌsəʊʃiˈeɪʃn/,union,n.协会，联盟；联系,https://www.guixue.com/apps/word/corpus/10176/21942/1
134,3,1,14,attitude,/ˈætɪtjuːd/,opinion,n.看法，态度,https://www.guixue.com/apps/word/corpus/10176/21942/1
135,3,1,15,authority,/ɔːˈθɒrətɪ/,government,n.当局，权威,https://www.guixue.com/apps/word/corpus/10176/21942/1
136,3,1,16,be consistent with,/bi kənˈsɪstənt wɪð/,compatible,与……一致,https://www.guixue.com/apps/word/corpus/10176/21942/1
137,3,1,17,bear,/beə(r)/,tolerate,v.承担；忍受,https://www.guixue.com/apps/word/corpus/10176/21942/1
138,3,1,18,blight,/blaɪt/,destroy,v.损害；枯萎,https://www.guixue.com/apps/word/corpus/10176/21942/1
139,3,1,19,boundary,/ˈbaʊndri/,barrier,n.边界；底线,https://www.guixue.com/apps/word/corpus/10176/21942/1
140,3,1,20,bungle,/ˈbʌŋɡ(ə)l/,mishandle,v. 搞糟，拙劣地工作,https://www.guixue.com/apps/word/corpus/10176/21942/1
141,3,1,21,burden,/ˈbɜːd(ə)n/,load,n.负担,https://www.guixue.com/apps/word/corpus/10176/21942/1
142,3,1,22,calamity,/kəˈlæməti/,disaster,n. 灾难,https://www.guixue.com/apps/word/corpus/10176/21942/1
143,3,1,23,capacity,/kəˈpæsəti/,volume,n.容量,https://www.guixue.com/apps/word/corpus/10176/21942/1
144,3,1,24,catastrophic,/ˌkætəˈstrɒfɪk/,disastrous,adj. 灾难的,https://www.guixue.com/apps/word/corpus/10176/21942/1
145,3,1,25,cater,/ˈkeɪtə(r)/,serve,v.迎合；满足需求,https://www.guixue.com/apps/word/corpus/10176/21942/1
146,3,1,26,certify,/ˈsɜːtɪfaɪ/,verify,v. 证明，保证,https://www.guixue.com/apps/word/corpus/10176/21942/1
147,3,1,27,civic,/ˈsɪvɪk/,municipal,adj.市民的,https://www.guixue.com/apps/word/corpus/10176/21942/1
148,3,1,28,comment,/ˈkɒment/,remark,n.评论；意见  v.评论,https://www.guixue.com/apps/word/corpus/10176/21942/1
149,3,1,29,commitment,/kəˈmɪtmənt/,engagement,n. 承诺，许诺，义务，致力,https://www.guixue.com/apps/word/corpus/10176/21942/1
150,3,1,30,communal,/kəˈmjuːn(ə)l/,public,adj. 公民的；公共的,https://www.guixue.com/apps/word/corpus/10176/21942/1
151,3,1,31,commute,/kəˈmjuːt/,travel,v. 通勤；用…交换,https://www.guixue.com/apps/word/corpus/10176/21942/1
152,3,1,32,compare,/kəmˈpeə(r)/,contrast,v.与……相比较,https://www.guixue.com/apps/word/corpus/10176/21942/1
153,3,1,33,conceal,/kənˈsiːl/,hide,v. 隐藏；隐瞒,https://www.guixue.com/apps/word/corpus/10176/21942/1
154,3,1,34,concentrate,/ˈkɒns(ə)ntreɪt/,focus,v. 集中，专心于,https://www.guixue.com/apps/word/corpus/10176/21942/1
155,3,1,35,concur,/kənˈkɜː(r)/,agree,v. 同意,https://www.guixue.com/apps/word/corpus/10176/21942/1
156,3,1,36,confer,/kənˈfɜː(r)/,grant,v. 授予，给予,https://www.guixue.com/apps/word/corpus/10176/21942/1
157,3,1,37,conflict,/ˈkɒnflɪkt/,unharmonious,n. 冲突，矛盾,https://www.guixue.com/apps/word/corpus/10176/21942/1
158,3,1,38,confuse,/kənˈfjuːz/,puzzle,v.使混乱，使迷惑,https://www.guixue.com/apps/word/corpus/10176/21942/1
159,3,1,39,conservative,/kənˈsɜːvətɪv/,traditional,a.保守的,https://www.guixue.com/apps/word/corpus/10176/21942/1
160,3,1,40,considerable,/kənˈsɪdərəb(ə)l/,significant,a.相当大的；重要的,https://www.guixue.com/apps/word/corpus/10176/21942/1
161,3,1,41,contingent,/kənˈtɪndʒənt/,uncertain,adj. 因情况而异的,https://www.guixue.com/apps/word/corpus/10176/21942/1
162,3,1,42,controversial,/ˌkɒntrəˈvɜːʃ(ə)l/,disputable,adj.有争论的,https://www.guixue.com/apps/word/corpus/10176/21942/1
163,3,1,43,correlation,/ˌkɒrəˈleɪʃ(ə)n/,link,n.相关，关联,https://www.guixue.com/apps/word/corpus/10176/21942/1
164,3,1,44,courtship,/ˈkɔːtʃɪp/,mate,n. 求爱（时期）,https://www.guixue.com/apps/word/corpus/10176/21942/1
165,3,1,45,crash,/kræʃ/,collapse,n.碰撞,https://www.guixue.com/apps/word/corpus/10176/21942/1
166,3,1,46,credibility,/ˌkredəˈbɪləti/,reliance,n. 可信性,https://www.guixue.com/apps/word/corpus/10176/21942/1
167,3,1,47,criminal,/ˈkrɪmɪn(ə)l/,conviction,n.罪犯，犯人,https://www.guixue.com/apps/word/corpus/10176/21942/1
168,3,1,48,crisis,/ˈkraɪsɪs/,risk,"n.危机
=risk",https://www.guixue.com/apps/word/corpus/10176/21942/1
169,3,1,49,criticism,/ˈkrɪtɪsɪzəm/,condemn,n.评论,https://www.guixue.com/apps/word/corpus/10176/21942/1
170,3,1,50,curb,/kɜːb/,restrict,v.限制，抑制,https://www.guixue.com/apps/word/corpus/10176/21942/1
171,3,2,1,damp,/dæmp/,wet,"adj. 潮湿的
=wet",https://www.guixue.com/apps/word/corpus/10176/21943/1
172,3,2,2,dazzle,/ˈdæz(ə)l/,flash,v.使目眩；使…… 眼花,https://www.guixue.com/apps/word/corpus/10176/21943/1
173,3,2,3,deadline,/ˈdedlaɪn/,limit,n.最后期限,https://www.guixue.com/apps/word/corpus/10176/21943/1
174,3,2,4,delay,/dɪˈleɪ/,postpone,n.延期，耽搁,https://www.guixue.com/apps/word/corpus/10176/21943/1
175,3,2,5,democratic,/ˌdeməˈkrætɪk/,republic,adj.民主的,https://www.guixue.com/apps/word/corpus/10176/21943/1
176,3,2,6,demographic,/ˌdeməˈɡræfɪk/,population statistic,adj. 人口统计学的;  人口学的,https://www.guixue.com/apps/word/corpus/10176/21943/1
177,3,2,7,dental,/ˈdent(ə)l/,teeth,adj. 牙科的，牙齿的,https://www.guixue.com/apps/word/corpus/10176/21943/1
178,3,2,8,depression,/dɪˈpreʃn/,frustration,n.抑郁，沮丧,https://www.guixue.com/apps/word/corpus/10176/21943/1
179,3,2,9,designate,/ˈdezɪɡneɪt/,appoint,n.指定；指派，标出,https://www.guixue.com/apps/word/corpus/10176/21943/1
180,3,2,10,detain,/dɪˈteɪn/,hold,v.留住,https://www.guixue.com/apps/word/corpus/10176/21943/1
181,3,2,11,devastate,/ˈdevəsteɪt/,wreck,v.毁坏，毁灭,https://www.guixue.com/apps/word/corpus/10176/21943/1
182,3,2,12,disclose,/dɪsˈkləʊz/,expose,v.公开；揭露,https://www.guixue.com/apps/word/corpus/10176/21943/1
183,3,2,13,disparate,/ˈdɪspərət/,different,adj. 不同的,https://www.guixue.com/apps/word/corpus/10176/21943/1
184,3,2,14,display,/dɪˈspleɪ/,show,n.显示,https://www.guixue.com/apps/word/corpus/10176/21943/1
185,3,2,15,disrupt,/dɪsˈrʌpt/,destroy,v.破坏,https://www.guixue.com/apps/word/corpus/10176/21943/1
186,3,2,16,distract,/dɪˈstrækt/,divert,v.转移，分心,https://www.guixue.com/apps/word/corpus/10176/21943/1
187,3,2,17,distribute,/dɪˈstrɪbjuːt/,spread,v.分配，分发,https://www.guixue.com/apps/word/corpus/10176/21943/1
188,3,2,18,documentation,/ˌdɒkjumenˈteɪʃn/,record,n. 文件；文献,https://www.guixue.com/apps/word/corpus/10176/21943/1
189,3,2,19,domain,/dəˈmeɪn/,field,n.领域,https://www.guixue.com/apps/word/corpus/10176/21943/1
190,3,2,20,dominant,/ˈdɒmɪnənt/,overbearing,adj.占优势的，占支 配地位的,https://www.guixue.com/apps/word/corpus/10176/21943/1
191,3,2,21,dramatic,/drəˈmætɪk/,striking,adj.戏剧化的；激动人心的，引人注意的,https://www.guixue.com/apps/word/corpus/10176/21943/1
192,3,2,22,drought,/draʊt/,dry,n.干旱,https://www.guixue.com/apps/word/corpus/10176/21943/1
193,3,2,23,durable,/ˈdjʊərəb(ə)l/,lasting,adj. 持久的,https://www.guixue.com/apps/word/corpus/10176/21943/1
194,3,2,24,eco-friendly,/ˌiːkəʊ ˈfrendli/,environmentally-friendly,"adj.生态有好的,环保的",https://www.guixue.com/apps/word/corpus/10176/21943/1
195,3,2,25,elaborate,/ɪˈlæbərət/,illustrate,v.详细阐述，详细叙述,https://www.guixue.com/apps/word/corpus/10176/21943/1
196,3,2,26,elderly,/ˈeldəli/,aged,adj.高龄的,https://www.guixue.com/apps/word/corpus/10176/21943/1
197,3,2,27,eliminate,/ɪˈlɪmɪneɪt/,dispose,v.消除，排除,https://www.guixue.com/apps/word/corpus/10176/21943/1
198,3,2,28,elusive,/ɪˈluːsɪv/,hard,"adj.难懂的,难捉摸的；行踪隐秘的",https://www.guixue.com/apps/word/corpus/10176/21943/1
199,3,2,29,encyclopaedia,/ɪnˌsaɪkləˈpiːdiə/,entire range of knowledge,n. 百科全书,https://www.guixue.com/apps/word/corpus/10176/21943/1
200,3,2,30,entrepreneur,/ˌɒntrəprəˈnɜː(r)/,boss,n. 企业家,https://www.guixue.com/apps/word/corpus/10176/21943/1
201,3,2,31,equator,/ɪˈkweɪtə(r)/,geography,n. 赤道,https://www.guixue.com/apps/word/corpus/10176/21943/1
202,3,2,32,erratically,/ɪˈrætɪkli/,unpredictably,adv. 不定地，无规律地,https://www.guixue.com/apps/word/corpus/10176/21943/1
203,3,2,33,established,/ɪˈstæblɪʃt/,built,adj. 确定的；已制定的，已建立的,https://www.guixue.com/apps/word/corpus/10176/21943/1
204,3,2,34,estate,/ɪˈsteɪt/,property,n. 房地产,https://www.guixue.com/apps/word/corpus/10176/21943/1
205,3,2,35,ethical,/ˈeθɪk(ə)l/,moral,adj.道德的,https://www.guixue.com/apps/word/corpus/10176/21943/1
206,3,2,36,eventually,/ɪˈventʃuəli/,finally,adv.最后，终于,https://www.guixue.com/apps/word/corpus/10176/21943/1
207,3,2,37,evidence,/ˈevɪdəns/,proof,"n. 证据,迹象",https://www.guixue.com/apps/word/corpus/10176/21943/1
208,3,2,38,evolve,/ɪˈvɒlv/,develop,v.进化，发展；逐渐形成,https://www.guixue.com/apps/word/corpus/10176/21943/1
209,3,2,39,exhausted,/ɪɡˈzɔːstɪd/,fatigue,adj. 疲惫的，耗尽的,https://www.guixue.com/apps/word/corpus/10176/21943/1
210,3,2,40,exceptional,/ɪkˈsepʃən(ə)l/,extreme；utmost,adj. 异常的，例外的，特别出色的,https://www.guixue.com/apps/word/corpus/10176/21943/1
211,3,2,41,experiment,/ɪkˈsperɪmənt/,test,n.实验；试验,https://www.guixue.com/apps/word/corpus/10176/21943/1
212,3,2,42,explicit,/ɪkˈsplɪsɪt/,clear,adj.明确的,https://www.guixue.com/apps/word/corpus/10176/21943/1
213,3,2,43,exploit,/ɪkˈsplɔɪt/,use,v.开发，利用,https://www.guixue.com/apps/word/corpus/10176/21943/1
214,3,2,44,extend,/ɪkˈstend/,expand,v.扩展，延伸，推广,https://www.guixue.com/apps/word/corpus/10176/21943/1
215,3,2,45,extract,/ˈekstrækt; ɪkˈstrækt/,quotation,n.摘录 v.提取,https://www.guixue.com/apps/word/corpus/10176/21943/1
216,3,2,46,famine,/ˈfæmɪn/,hunger,n.饥荒,https://www.guixue.com/apps/word/corpus/10176/21943/1
217,3,2,47,finite,/ˈfaɪnaɪt/,limited,adj.有限的,https://www.guixue.com/apps/word/corpus/10176/21943/1
218,3,2,48,fitness,/ˈfɪtnəs/,health,n.健康,https://www.guixue.com/apps/word/corpus/10176/21943/1
219,3,2,49,foe,/fəʊ/,enemy,n.敌人，危害物,https://www.guixue.com/apps/word/corpus/10176/21943/1
220,3,2,50,format,/ˈfɔːmæt/,structure,n.格式,https://www.guixue.com/apps/word/corpus/10176/21943/1
221,3,3,1,fragment,/ˈfræɡmənt/,piece,n.碎片,https://www.guixue.com/apps/word/corpus/10176/21944/1
222,3,3,2,freeze,/friːz/,chill,n.冰冻，冻结,https://www.guixue.com/apps/word/corpus/10176/21944/1
223,3,3,3,fulfill,/fʊlˈfɪl/,execute,v.满足，实现,https://www.guixue.com/apps/word/corpus/10176/21944/1
224,3,3,4,gene,/dʒiːn/,factor,n.基因,https://www.guixue.com/apps/word/corpus/10176/21944/1
225,3,3,5,gifted,/ˈɡɪftɪd/,talented,adj.有天赋的，有才华的,https://www.guixue.com/apps/word/corpus/10176/21944/1
226,3,3,6,graphic,/ˈɡræfɪk/,picture,adj. 形象的；图解的,https://www.guixue.com/apps/word/corpus/10176/21944/1
227,3,3,7,habitat,/ˈhæbɪtæt/,residence,n. 栖息地，住所,https://www.guixue.com/apps/word/corpus/10176/21944/1
228,3,3,8,harbour,/ˈhɑːbə(r)/,hold,v.怀有 n.海港,https://www.guixue.com/apps/word/corpus/10176/21944/1
229,3,3,9,hardship,/ˈhɑːdʃɪp/,difficult,n.困苦；苦难,https://www.guixue.com/apps/word/corpus/10176/21944/1
230,3,3,10,harsh,/hɑːʃ/,rough,adj.艰难的；严酷的,https://www.guixue.com/apps/word/corpus/10176/21944/1
231,3,3,11,hypothesis,/haɪˈpɒθəsɪs/,assumption,n.假设,https://www.guixue.com/apps/word/corpus/10176/21944/1
232,3,3,12,impact,/ˈɪmpækt/,influence,n.影响,https://www.guixue.com/apps/word/corpus/10176/21944/1
233,3,3,13,impressive,/ɪmˈpresɪv/,touching,adj.感人的；给人深刻印象的,https://www.guixue.com/apps/word/corpus/10176/21944/1
234,3,3,14,in accordance with,,conform,依照；与…一致,https://www.guixue.com/apps/word/corpus/10176/21944/1
235,3,3,15,inaccurate,/ɪnˈækjərət/,incorrect,adj.错误的,https://www.guixue.com/apps/word/corpus/10176/21944/1
236,3,3,16,inactive,/ɪnˈæktɪv/,passive,adj.不活跃的，不活动的,https://www.guixue.com/apps/word/corpus/10176/21944/1
237,3,3,17,inappropriate,/ˌɪnəˈprəʊpriət/,hard,adj. 不适当的,https://www.guixue.com/apps/word/corpus/10176/21944/1
238,3,3,18,indulge,/ɪnˈdʌldʒ/,spoil,v.沉溺（于）,https://www.guixue.com/apps/word/corpus/10176/21944/1
239,3,3,19,infest,/ɪnˈfest/,plague,v. 侵害；寄生于,https://www.guixue.com/apps/word/corpus/10176/21944/1
240,3,3,20,installment,/ɪnˈstɔːlmənt/,payment on its completion,n.安装；分期付款,https://www.guixue.com/apps/word/corpus/10176/21944/1
241,3,3,21,intelligence,/ɪnˈtelɪdʒəns/,mind,n.智力,https://www.guixue.com/apps/word/corpus/10176/21944/1
242,3,3,22,intense,/ɪnˈtens/,strong,adj.强烈的；紧张的； 热情的,https://www.guixue.com/apps/word/corpus/10176/21944/1
243,3,3,23,interaction,/ˌɪntərˈækʃ(ə)n/,social activities,n.相互作用；交流互动,https://www.guixue.com/apps/word/corpus/10176/21944/1
244,3,3,24,interference,/ˌɪntəˈfɪərəns/,interdependence,n.干涉，干预,https://www.guixue.com/apps/word/corpus/10176/21944/1
245,3,3,25,interior,/ɪnˈtɪəriə(r)/,inner,n.内部 adj.内部的,https://www.guixue.com/apps/word/corpus/10176/21944/1
246,3,3,26,interrupt,/ˌɪntəˈrʌpt/,stop,v.中断,https://www.guixue.com/apps/word/corpus/10176/21944/1
247,3,3,27,introverted,/ˈɪntrəvɜːtɪd/,shyness,"adj. 内向的,含蓄的",https://www.guixue.com/apps/word/corpus/10176/21944/1
248,3,3,28,involve,/ɪnˈvɒlv/,associate,v.包含，牵涉,https://www.guixue.com/apps/word/corpus/10176/21944/1
249,3,3,29,keen,/kiːn/,strong,adj.热切的；强迫的， 强烈的,https://www.guixue.com/apps/word/corpus/10176/21944/1
250,3,3,30,label,/ˈleɪb(ə)l/,display,v.打上标签,https://www.guixue.com/apps/word/corpus/10176/21944/1
251,3,3,31,lack,/læk/,shortage,v.缺乏；不足,https://www.guixue.com/apps/word/corpus/10176/21944/1
252,3,3,32,landscape,/ˈlændskeɪp/,scene,n.风景,https://www.guixue.com/apps/word/corpus/10176/21944/1
253,3,3,33,likelihood,/ˈlaɪklihʊd/,chance,n. 可能性,https://www.guixue.com/apps/word/corpus/10176/21944/1
254,3,3,34,limb,/lɪm/,arm or leg,n.四肢,https://www.guixue.com/apps/word/corpus/10176/21944/1
255,3,3,35,linguistic,/lɪŋˈɡwɪstɪk/,language,adj. 语言（学）的,https://www.guixue.com/apps/word/corpus/10176/21944/1
256,3,3,36,log,/lɒɡ/,record,v. 记录  n.原木，木料,https://www.guixue.com/apps/word/corpus/10176/21944/1
257,3,3,37,look-in,/ˈlʊk ɪn/,opportunity；chance,n. 成功的机会,https://www.guixue.com/apps/word/corpus/10176/21944/1
258,3,3,38,lopsided,/ˌlɒpˈsaɪdɪd/,uneven,adj. 不平衡的,https://www.guixue.com/apps/word/corpus/10176/21944/1
259,3,3,39,mainly,/ˈmeɪnli/,primarily,adv.主要的，大体的,https://www.guixue.com/apps/word/corpus/10176/21944/1
260,3,3,40,malfunction,/ˌmælˈfʌŋkʃ(ə)n/,breakdown,v.发生故障；不起作用,https://www.guixue.com/apps/word/corpus/10176/21944/1
261,3,3,41,mammal,/ˈmæm(ə)l/,creature,n.哺乳动物,https://www.guixue.com/apps/word/corpus/10176/21944/1
262,3,3,42,manage to do,/ˈmænɪdʒ tu duː/,success,设法完成某事,https://www.guixue.com/apps/word/corpus/10176/21944/1
263,3,3,43,manifest,/ˈmænɪfest/,obvious,v.出现，表现,https://www.guixue.com/apps/word/corpus/10176/21944/1
264,3,3,44,manufacture,/ˌmænjuˈfæktʃə(r)/,produce,n.生产,https://www.guixue.com/apps/word/corpus/10176/21944/1
265,3,3,45,marine,/məˈriːn/,sea,adj.海产的；航海的；海运的,https://www.guixue.com/apps/word/corpus/10176/21944/1
266,3,3,46,mate,/meɪt/,spouse,n.配偶,https://www.guixue.com/apps/word/corpus/10176/21944/1
267,3,3,47,mechanism,/ˈmekənɪzəm/,method,n.机制；原理,https://www.guixue.com/apps/word/corpus/10176/21944/1
268,3,3,48,mental,/ˈment(ə)l/,intelligent,adj. 心理的；精神的,https://www.guixue.com/apps/word/corpus/10176/21944/1
269,3,3,49,mercury,/ˈmɜːkjəri/,liquid metal,n.汞，水银,https://www.guixue.com/apps/word/corpus/10176/21944/1
270,3,3,50,meteorological,/ˌmiːtiərəˈlɒdʒɪk(ə)l/,weather,adj. 气象学的,https://www.guixue.com/apps/word/corpus/10176/21944/1
271,3,4,1,migrate,/maɪˈɡreɪt/,move,"v.转移,迁移",https://www.guixue.com/apps/word/corpus/10176/21945/1
272,3,4,2,moisture,/ˈmɔɪstʃə(r)/,humidity,n.水分，湿度,https://www.guixue.com/apps/word/corpus/10176/21945/1
273,3,4,3,monitor,/ˈmɒnɪtə(r)/,surveillance,v.监控,https://www.guixue.com/apps/word/corpus/10176/21945/1
274,3,4,4,motif,/məʊˈtiːf/,theme,n. 主题；图形,https://www.guixue.com/apps/word/corpus/10176/21945/1
275,3,4,5,mould,/məʊld/,form,v.模压，塑造；塑造成,https://www.guixue.com/apps/word/corpus/10176/21945/1
276,3,4,6,native,/ˈneɪtɪv/,original,adj.本国的，土著的；天然的；天赋的,https://www.guixue.com/apps/word/corpus/10176/21945/1
277,3,4,7,nocturnal,/nɒkˈtɜːn(ə)l/,night,"adj.夜间的,夜间发生的",https://www.guixue.com/apps/word/corpus/10176/21945/1
278,3,4,8,norm,/nɔːm/,regulation,n.规范,https://www.guixue.com/apps/word/corpus/10176/21945/1
279,3,4,9,notoriety,/ˌnəʊtəˈraɪəti/,famous,n.名声,https://www.guixue.com/apps/word/corpus/10176/21945/1
280,3,4,10,objective,/əbˈdʒektɪv/,goal,n.目标，目的 adj.客观的,https://www.guixue.com/apps/word/corpus/10176/21945/1
281,3,4,11,obligation,/ˌɒblɪˈɡeɪʃ(ə)n/,responsibility,n.义务,https://www.guixue.com/apps/word/corpus/10176/21945/1
282,3,4,12,obscure,/əbˈskjʊə(r)/,hide,v.掩盖，使模糊不清,https://www.guixue.com/apps/word/corpus/10176/21945/1
283,3,4,13,obtain,/əbˈteɪn/,get,v.获得,https://www.guixue.com/apps/word/corpus/10176/21945/1
284,3,4,14,odd,/ɒd/,strange,adj.古怪的,https://www.guixue.com/apps/word/corpus/10176/21945/1
285,3,4,15,odour,/ˈəʊdə(r)/,smell,n.气味,https://www.guixue.com/apps/word/corpus/10176/21945/1
286,3,4,16,offensive,/əˈfensɪv/,hostile,adj.冒犯的，无礼的,https://www.guixue.com/apps/word/corpus/10176/21945/1
287,3,4,17,official,/əˈfɪʃ(ə)l/,authority,n.官员 adj.官方的,https://www.guixue.com/apps/word/corpus/10176/21945/1
288,3,4,18,optimum,/ˈɒptɪməm/,best,n.最佳效果 adj.最适宜的,https://www.guixue.com/apps/word/corpus/10176/21945/1
289,3,4,19,ordinary,/ˈɔːd(ə)n(ə)rɪ/,common,adj.普通的；平凡的；平常的,https://www.guixue.com/apps/word/corpus/10176/21945/1
290,3,4,20,organ,/ˈɔːɡən/,a part of a body,n.器官；机构,https://www.guixue.com/apps/word/corpus/10176/21945/1
291,3,4,21,out of the question,,impossible,不可能,https://www.guixue.com/apps/word/corpus/10176/21945/1
292,3,4,22,overcome,/ˌəʊvəˈkʌm/,defeat,v.克服,https://www.guixue.com/apps/word/corpus/10176/21945/1
293,3,4,23,overtake,/ˌəʊvəˈteɪk/,surpass,v.赶上,https://www.guixue.com/apps/word/corpus/10176/21945/1
294,3,4,24,paralyse,/ˈpærəlaɪz/,cannot move,v.使……麻痹；使…… 瘫痪,https://www.guixue.com/apps/word/corpus/10176/21945/1
295,3,4,25,paramount,/ˈpærəmaʊnt/,principal,adj. 最重要的，主要的,https://www.guixue.com/apps/word/corpus/10176/21945/1
296,3,4,26,participate,/pɑːˈtɪsɪpeɪt/,join,v.参加,https://www.guixue.com/apps/word/corpus/10176/21945/1
297,3,4,27,patient,/ˈpeɪʃ(ə)nt/,repetitive,adj.有耐性的，能容忍的 n.病人；患者,https://www.guixue.com/apps/word/corpus/10176/21945/1
298,3,4,28,peak,/piːk/,top,n.最高峰，顶点 v.使……达到顶峰,https://www.guixue.com/apps/word/corpus/10176/21945/1
299,3,4,29,permit,/pəˈmɪt/,allow,n.许可证，执照 v.许可,https://www.guixue.com/apps/word/corpus/10176/21945/1
300,3,4,30,persuade,/pəˈsweɪd/,influence,v.说服，劝说,https://www.guixue.com/apps/word/corpus/10176/21945/1
301,3,4,31,pessimistic,/ˌpesɪˈmɪstɪk/,negative,adj.悲观的,https://www.guixue.com/apps/word/corpus/10176/21945/1
302,3,4,32,phase,/feɪz/,process,n.阶段,https://www.guixue.com/apps/word/corpus/10176/21945/1
303,3,4,33,physical,/ˈfɪzɪk(ə)l/,body,adj.身体上的；物质的,https://www.guixue.com/apps/word/corpus/10176/21945/1
304,3,4,34,plagiarise,/ˈpleɪdʒəraɪz/,copy,v. 抄袭,https://www.guixue.com/apps/word/corpus/10176/21945/1
305,3,4,35,plenty of,,many,大量的,https://www.guixue.com/apps/word/corpus/10176/21945/1
306,3,4,36,plot,/plɒt/,plan,v.密谋,https://www.guixue.com/apps/word/corpus/10176/21945/1
307,3,4,37,pose,/pəʊz/,cause,v.提出，造成，形成,https://www.guixue.com/apps/word/corpus/10176/21945/1
308,3,4,38,portable,/ˈpɔːtəb(ə)l/,conveyable,adj.可携带的,https://www.guixue.com/apps/word/corpus/10176/21945/1
309,3,4,39,poverty,/ˈpɒvəti/,poor,n.贫穷,https://www.guixue.com/apps/word/corpus/10176/21945/1
310,3,4,40,praise,/preɪz/,commend,n.赞扬,https://www.guixue.com/apps/word/corpus/10176/21945/1
311,3,4,41,predict,/prɪˈdɪkt/,expect,v. 预测，预知,https://www.guixue.com/apps/word/corpus/10176/21945/1
312,3,4,42,pressing,/ˈpresɪŋ/,urgent,adj. 迫切的,https://www.guixue.com/apps/word/corpus/10176/21945/1
313,3,4,43,private,/ˈpraɪvət/,personal,adj.私人的；私有的；私下的,https://www.guixue.com/apps/word/corpus/10176/21945/1
314,3,4,44,prohibit,/prəˈhɪbɪt/,not allowed,v.禁止的,https://www.guixue.com/apps/word/corpus/10176/21945/1
315,3,4,45,prolong,/prəˈlɒŋ/,extend,v.拉长，延长,https://www.guixue.com/apps/word/corpus/10176/21945/1
316,3,4,46,promote,/prəˈməʊt/,improve,v.促进，推销,https://www.guixue.com/apps/word/corpus/10176/21945/1
317,3,4,47,prosper,/ˈprɒspə(r)/,success,v. 使成功，使繁荣,https://www.guixue.com/apps/word/corpus/10176/21945/1
318,3,4,48,purify,/ˈpjʊərɪfaɪ/,clean,v.净化,https://www.guixue.com/apps/word/corpus/10176/21945/1
319,3,4,49,qualify,/ˈkwɒlɪfaɪ/,fulfill,v.取得资格,https://www.guixue.com/apps/word/corpus/10176/21945/1
320,3,4,50,radical,/ˈrædɪk(ə)l/,utmost,adj.彻底的，根本的,https://www.guixue.com/apps/word/corpus/10176/21945/1
321,3,5,1,range,/reɪndʒ/,scope,n.范围；幅度,https://www.guixue.com/apps/word/corpus/10176/21946/1
322,3,5,2,rare,/reə(r)/,unusual,adj.稀有的,https://www.guixue.com/apps/word/corpus/10176/21946/1
323,3,5,3,rate,/reɪt/,rank；measure,n.等级 v.评估,https://www.guixue.com/apps/word/corpus/10176/21946/1
324,3,5,4,react,/riˈækt/,respond,v.反应,https://www.guixue.com/apps/word/corpus/10176/21946/1
325,3,5,5,recreation,/ˌriːkrɪˈeɪʃn; ˌrekrɪˈeɪʃən/,entertainment,n.娱乐，消遣,https://www.guixue.com/apps/word/corpus/10176/21946/1
326,3,5,6,reduction,/rɪˈdʌkʃ(ə)n/,decrease,n.下降，减少,https://www.guixue.com/apps/word/corpus/10176/21946/1
327,3,5,7,refer to,,talk about,指(的是)，涉及，提及,https://www.guixue.com/apps/word/corpus/10176/21946/1
328,3,5,8,rehearsal,/rɪˈhɜːs(ə)l/,preparation,n.排演；预演；练习,https://www.guixue.com/apps/word/corpus/10176/21946/1
329,3,5,9,reject,/rɪˈdʒekt/,exclude,v.拒绝，排斥，丢弃,https://www.guixue.com/apps/word/corpus/10176/21946/1
330,3,5,10,relevant,/ˈreləvənt/,relative,adj.相关的,https://www.guixue.com/apps/word/corpus/10176/21946/1
331,3,5,11,religious,/rɪˈlɪdʒəs/,sacred,adj.宗教的；虔诚的,https://www.guixue.com/apps/word/corpus/10176/21946/1
332,3,5,12,reluctant,/rɪˈlʌktənt/,unwilling,adj.不情愿的,https://www.guixue.com/apps/word/corpus/10176/21946/1
333,3,5,13,reproduce,/ˌriːprəˈdjuːs/,breed,v.繁殖,https://www.guixue.com/apps/word/corpus/10176/21946/1
334,3,5,14,responsible,/rɪˈspɒnsəb(ə)l/,liable,adj.负责的，可靠的；有责任的,https://www.guixue.com/apps/word/corpus/10176/21946/1
335,3,5,15,revision,/rɪˈvɪʒ(ə)n/,editing,n.修正,https://www.guixue.com/apps/word/corpus/10176/21946/1
336,3,5,16,revive,/rɪˈvaɪv/,renaissance,v.使复苏，恢复,https://www.guixue.com/apps/word/corpus/10176/21946/1
337,3,5,17,ruin,/ˈruːɪn/,destroy,v.毁灭,https://www.guixue.com/apps/word/corpus/10176/21946/1
338,3,5,18,scenic,/ˈsiːnɪk/,beautiful,adj. 风景优美的,https://www.guixue.com/apps/word/corpus/10176/21946/1
339,3,5,19,shade,/ʃeɪd/,shelter,n.遮阳；阴影,https://www.guixue.com/apps/word/corpus/10176/21946/1
340,3,5,20,skepticism,/ˈskeptɪsɪzəm/,doubt,n.怀疑,https://www.guixue.com/apps/word/corpus/10176/21946/1
341,3,5,21,soar,/sɔː(r)/,increase,v.激增,https://www.guixue.com/apps/word/corpus/10176/21946/1
342,3,5,22,solely,/ˈsəʊlli/,alone,ad.唯一地,https://www.guixue.com/apps/word/corpus/10176/21946/1
343,3,5,23,solicitor,/səˈlɪsɪtə(r)/,lawyer,n.律师,https://www.guixue.com/apps/word/corpus/10176/21946/1
344,3,5,24,steer,/stɪə(r)/,manage,v.控制，引导,https://www.guixue.com/apps/word/corpus/10176/21946/1
345,3,5,25,stimulate,/ˈstɪmjuleɪt/,motivate,v.刺激，激励,https://www.guixue.com/apps/word/corpus/10176/21946/1
346,3,5,26,stride,/straɪd/,progress,n.进展,https://www.guixue.com/apps/word/corpus/10176/21946/1
347,3,5,27,succumb,/səˈkʌm/,yield,vi.屈服,https://www.guixue.com/apps/word/corpus/10176/21946/1
348,3,5,28,subdivide,/ˈsʌbdɪvaɪd/,break down,v.把……细分,https://www.guixue.com/apps/word/corpus/10176/21946/1
349,3,5,29,subtle,/ˈsʌt(ə)l/,delicate,adj. 微妙的,https://www.guixue.com/apps/word/corpus/10176/21946/1
350,3,5,30,substance,/ˈsʌbstəns/,matter,n.物质；实质,https://www.guixue.com/apps/word/corpus/10176/21946/1
351,3,5,31,sufficiency,/səˈfɪʃ(ə)nsi/,enough,n. 足量，充足,https://www.guixue.com/apps/word/corpus/10176/21946/1
352,3,5,32,supersede,/ˌsuːpəˈsiːd/,replace,v. 取代，代替,https://www.guixue.com/apps/word/corpus/10176/21946/1
353,3,5,33,suppress,/səˈpres/,hold,v.抑制，隐瞒,https://www.guixue.com/apps/word/corpus/10176/21946/1
354,3,5,34,supremacy,/suːˈpreməsi; sjuːˈpreməsi/,priority,n. 至高无上，很高的地位,https://www.guixue.com/apps/word/corpus/10176/21946/1
355,3,5,35,suspicious,/səˈspɪʃəs/,odd,adj.可疑的,https://www.guixue.com/apps/word/corpus/10176/21946/1
356,3,5,36,sustainable,/səˈsteɪnəb(ə)l/,long-term,adj.可持续的,https://www.guixue.com/apps/word/corpus/10176/21946/1
357,3,5,37,symptom,/ˈsɪmptəm/,sign,n.症状;征兆,https://www.guixue.com/apps/word/corpus/10176/21946/1
358,3,5,38,tension,/ˈtenʃ(ə)n/,upset,n.紧张，不安,https://www.guixue.com/apps/word/corpus/10176/21946/1
359,3,5,39,term,/tɜːm/,word,n.术语,https://www.guixue.com/apps/word/corpus/10176/21946/1
360,3,5,40,throughout,/θruːˈaʊt/,anywhere,adv.自始至终，到处；全部,https://www.guixue.com/apps/word/corpus/10176/21946/1
361,3,5,41,toll,/təʊl/,charge,n.通行费 v.征收,https://www.guixue.com/apps/word/corpus/10176/21946/1
362,3,5,42,trace,/treɪs/,track,n.追溯；痕迹,https://www.guixue.com/apps/word/corpus/10176/21946/1
363,3,5,43,transcend,/trænˈsend/,excel,v. 胜过，超越,https://www.guixue.com/apps/word/corpus/10176/21946/1
364,3,5,44,transit,/ˈtrænzɪt/,send,n. 运输；经过 v. 运送,https://www.guixue.com/apps/word/corpus/10176/21946/1
365,3,5,45,tremendous,/trəˈmendəs/,vast,adj.巨大的，惊人的,https://www.guixue.com/apps/word/corpus/10176/21946/1
366,3,5,46,trigger,/ˈtrɪɡə(r)/,begin,n.触发，引发，引起,https://www.guixue.com/apps/word/corpus/10176/21946/1
367,3,5,47,tropical,/ˈtrɒpɪk(ə)l/,hot,adj. 热带的,https://www.guixue.com/apps/word/corpus/10176/21946/1
368,3,5,48,unbiased,/ʌnˈbaɪəst/,fair,adj. 公正的，无偏见的,https://www.guixue.com/apps/word/corpus/10176/21946/1
369,3,5,49,uniform,/ˈjuːnɪfɔːm/,consistent,adj.始终如一的,https://www.guixue.com/apps/word/corpus/10176/21946/1
370,3,5,50,valuable,/ˈvæljuəb(ə)l/,benefit,adj.宝贵的，有价值的,https://www.guixue.com/apps/word/corpus/10176/21946/1
371,3,5,51,versatile,/ˈvɜːsətaɪl/,all-around,adj.多功能,https://www.guixue.com/apps/word/corpus/10176/21946/1
372,3,5,52,view,/vjuː/,overlook,v.看,https://www.guixue.com/apps/word/corpus/10176/21946/1
373,3,5,53,violent,/ˈvaɪələnt/,fierce,adj.暴力的；猛烈的,https://www.guixue.com/apps/word/corpus/10176/21946/1
374,3,5,54,visible,/ˈvɪzəb(ə)l/,see,adj.明显的，看得见的,https://www.guixue.com/apps/word/corpus/10176/21946/1
375,3,5,55,visual,/ˈvɪʒuəl/,image,adj.视觉的,https://www.guixue.com/apps/word/corpus/10176/21946/1
376,3,5,56,well-being,/ˈwel biːɪŋ/,health,n.健康，康乐,https://www.guixue.com/apps/word/corpus/10176/21946/1